,address_type,agency,agency_name,bbl,borough,city,closed_date,community_board,complaint_type,created_date,cross_street_1,cross_street_2,descriptor,facility_type,incident_address,incident_zip,intersection_street_1,intersection_street_2,landmark,latitude,location,location_address,location_city,location_state,location_type,location_zip,longitude,open_data_channel_type,park_borough,park_facility_name,resolution_action_updated_date,resolution_description,status,street_name,taxi_pick_up_location,unique_key,x_coordinate_state_plane,y_coordinate_state_plane
0,,DPR,Department of Parks and Recreation,4080440009,QUEENS,LITTLE NECK,,11 QUEENS,Dead/Dying Tree,2020-03-26T00:00:19.000,BEND,WEST DRIVE,Planted More Than 2 Years Ago,,7 SHORE ROAD,11363,BEND,WEST DRIVE,SHORE ROAD,40.773938520061236,"{'type': 'Point', 'coordinates': [-73.75288921545719, 40.773938520061236]}",,,,Street,,-73.75288921545719,UNKNOWN,QUEENS,Unspecified,,,In Progress,SHORE ROAD,,45893032,1052693,221340
1,,DPR,Department of Parks and Recreation,4080440001,QUEENS,LITTLE NECK,,11 QUEENS,Root/Sewer/Sidewalk Condition,2020-03-26T00:00:19.000,DEAD END,RIDGE ROAD,Trees and Sidewalks Program,,1 ALSTON PLACE,11363,DEAD END,RIDGE ROAD,ALSTON PLACE,40.7734412364176,"{'type': 'Point', 'coordinates': [-73.7526636027962, 40.7734412364176]}",,,,Street,,-73.7526636027962,UNKNOWN,QUEENS,Unspecified,,,In Progress,ALSTON PLACE,,45893506,1052756,221159
2,,DPR,Department of Parks and Recreation,4080440001,QUEENS,LITTLE NECK,,11 QUEENS,Overgrown Tree/Branches,2020-03-26T00:00:19.000,DEAD END,RIDGE ROAD,Dead Branches in Tree,,1 ALSTON PLACE,11363,DEAD END,RIDGE ROAD,ALSTON PLACE,40.7734412364176,"{'type': 'Point', 'coordinates': [-73.7526636027962, 40.7734412364176]}",,,,Street,,-73.7526636027962,UNKNOWN,QUEENS,Unspecified,,,In Progress,ALSTON PLACE,,45893948,1052756,221159
3,,DPR,Department of Parks and Recreation,4080440009,QUEENS,LITTLE NECK,,11 QUEENS,New Tree Request,2020-03-26T00:00:19.000,BEND,WEST DRIVE,For One Address,,7 SHORE ROAD,11363,BEND,WEST DRIVE,SHORE ROAD,40.773938520061236,"{'type': 'Point', 'coordinates': [-73.75288921545719, 40.773938520061236]}",,,,Street,,-73.75288921545719,UNKNOWN,QUEENS,Unspecified,,,In Progress,SHORE ROAD,,45891987,1052693,221340
4,,DPR,Department of Parks and Recreation,4080440009,QUEENS,LITTLE NECK,,11 QUEENS,Overgrown Tree/Branches,2020-03-26T00:00:19.000,BEND,WEST DRIVE,Dead Branches in Tree,,7 SHORE ROAD,11363,BEND,WEST DRIVE,SHORE ROAD,40.773938520061236,"{'type': 'Point', 'coordinates': [-73.75288921545719, 40.773938520061236]}",,,,Street,,-73.75288921545719,UNKNOWN,QUEENS,Unspecified,,,In Progress,SHORE ROAD,,45894569,1052693,221340
5,,DPR,Department of Parks and Recreation,4080440013,QUEENS,LITTLE NECK,,11 QUEENS,Overgrown Tree/Branches,2020-03-26T00:00:21.000,36 AVENUE,ALSTON PLACE,Dead Branches in Tree,,36-18 WEST DRIVE,11363,36 AVENUE,ALSTON PLACE,WEST DRIVE,40.77374478396999,"{'type': 'Point', 'coordinates': [-73.7521425691133, 40.77374478396999]}",,,,Street,,-73.7521425691133,UNKNOWN,QUEENS,Unspecified,,,In Progress,WEST DRIVE,,45891504,1052900,221270
6,,NYPD,New York City Police Department,1022250004,MANHATTAN,NEW YORK,,12 MANHATTAN,Noise - Street/Sidewalk,2020-03-26T00:00:24.000,ACADEMY STREET,WEST  204 STREET,Loud Talking,,61 VERMILYEA AVENUE,10034,ACADEMY STREET,WEST  204 STREET,VERMILYEA AVENUE,40.86556098738824,"{'type': 'Point', 'coordinates': [-73.92383009870014, 40.86556098738824]}",,,,Street/Sidewalk,,-73.92383009870014,MOBILE,MANHATTAN,Unspecified,,,In Progress,VERMILYEA AVENUE,,45895064,1005318,254634
7,,NYPD,New York City Police Department,1003480026,MANHATTAN,NEW YORK,,03 MANHATTAN,Noise - Residential,2020-03-26T00:00:26.000,RIVINGTON STREET,DELANCEY STREET,Loud Music/Party,,95 CLINTON STREET,10002,RIVINGTON STREET,DELANCEY STREET,CLINTON STREET,40.71850886216356,"{'type': 'Point', 'coordinates': [-73.98537538326163, 40.71850886216356]}",,,,Residential Building/House,,-73.98537538326163,MOBILE,MANHATTAN,Unspecified,,,In Progress,CLINTON STREET,,45895059,988304,201049
8,,NYPD,New York City Police Department,4003687501,QUEENS,LONG ISLAND CITY,2020-03-26T00:57:27.000,01 QUEENS,Blocked Driveway,2020-03-26T00:00:34.000,CRESCENT STREET,27 STREET,No Access,,25-11 38 AVENUE,11101,CRESCENT STREET,27 STREET,38 AVENUE,40.75573812290376,"{'type': 'Point', 'coordinates': [-73.93567202431365, 40.75573812290376]}",,,,Street/Sidewalk,,-73.93567202431365,PHONE,QUEENS,Unspecified,2020-03-26T04:57:34.000,The Police Department issued a summons in response to the complaint.,Closed,38 AVENUE,,45892881,1002072,214619
9,,NYPD,New York City Police Department,5001960001,STATEN ISLAND,STATEN ISLAND,,01 STATEN ISLAND,Noise - Residential,2020-03-26T00:00:50.000,BROADWAY,CHAPPELL STREET,Loud Music/Party,,778 HENDERSON AVENUE,10310,BROADWAY,CHAPPELL STREET,HENDERSON AVENUE,40.63688001184206,"{'type': 'Point', 'coordinates': [-74.11804645884163, 40.63688001184206]}",,,,Residential Building/House,,-74.11804645884163,ONLINE,STATEN ISLAND,Unspecified,2020-03-26T04:39:08.000,Your complaint has been received by the Police Department and additional information will be availab,In Progress,HENDERSON AVENUE,,45893817,951487,171331
10,,NYPD,New York City Police Department,3073080032,BROOKLYN,BROOKLYN,,15 BROOKLYN,Noise - Residential,2020-03-26T00:01:17.000,AVENUE S,AVENUE T,Loud Talking,,3310 NOSTRAND AVENUE,11229,AVENUE S,AVENUE T,NOSTRAND AVENUE,40.603574254909994,"{'type': 'Point', 'coordinates': [-73.94249534229924, 40.603574254909994]}",,,,Residential Building/House,,-73.94249534229924,MOBILE,BROOKLYN,Unspecified,,,In Progress,NOSTRAND AVENUE,,45895396,1000218,159180
11,,NYPD,New York City Police Department,4004250005,QUEENS,LONG ISLAND CITY,,02 QUEENS,Illegal Parking,2020-03-26T00:01:23.000,FLUSHING LINE,24 STREET,Posted Parking Sign Violation,,23-10 QUEENS PLAZA SOUTH,11101,FLUSHING LINE,24 STREET,QUEENS PLAZA SOUTH,40.751135817384956,"{'type': 'Point', 'coordinates': [-73.94203952562846, 40.751135817384956]}",,,,Street/Sidewalk,,-73.94203952562846,ONLINE,QUEENS,Unspecified,,,In Progress,QUEENS PLAZA SOUTH,,45895096,1000309,212941
12,,NYPD,New York City Police Department,5000180127,STATEN ISLAND,STATEN ISLAND,2020-03-26T00:54:14.000,01 STATEN ISLAND,Noise - Residential,2020-03-26T00:01:36.000,FORT PLACE,BENZIGER AVENUE,Banging/Pounding,,34 MONROE AVENUE,10301,FORT PLACE,BENZIGER AVENUE,MONROE AVENUE,40.64103856404178,"{'type': 'Point', 'coordinates': [-74.07946281984931, 40.64103856404178]}",,,,Residential Building/House,,-74.07946281984931,PHONE,STATEN ISLAND,Unspecified,2020-03-26T04:54:19.000,The Police Department responded to the complaint and with the information available observed no evid,Closed,MONROE AVENUE,,45895282,962197,172834
13,,NYPD,New York City Police Department,3049310031,BROOKLYN,BROOKLYN,,17 BROOKLYN,Noise - Vehicle,2020-03-26T00:01:55.000,CORTELYOU ROAD,CLARENDON ROAD,Car/Truck Music,,282 EAST   32 STREET,11226,CORTELYOU ROAD,CLARENDON ROAD,EAST   32 STREET,40.64380953076333,"{'type': 'Point', 'coordinates': [-73.94691448835228, 40.64380953076333]}",,,,Street/Sidewalk,,-73.94691448835228,PHONE,BROOKLYN,Unspecified,,,In Progress,EAST   32 STREET,,45894487,998982,173838
14,,TLC,Taxi and Limousine Commission,4004250005,QUEENS,LONG ISLAND CITY,,02 QUEENS,For Hire Vehicle Complaint,2020-03-26T00:02:42.000,FLUSHING LINE,24 STREET,Driver Complaint - Non Passenger,,23-10 QUEENS PLAZA SOUTH,11101,FLUSHING LINE,24 STREET,QUEENS PLAZA SOUTH,40.751135817384956,"{'type': 'Point', 'coordinates': [-73.94203952562846, 40.751135817384956]}",,,,,,-73.94203952562846,ONLINE,QUEENS,Unspecified,,,In Progress,QUEENS PLAZA SOUTH,"23-10 QUEENS PLAZA SOUTH, QUEENS (LONG ISLAND CITY), NY, 111",45891698,1000309,212941
15,,NYPD,New York City Police Department,3051580034,BROOKLYN,BROOKLYN,2020-03-26T01:40:59.000,14 BROOKLYN,Noise - Residential,2020-03-26T00:02:56.000,BRIGHTON LINE,EAST   16 STREET,Loud Music/Party,,1525 DORCHESTER ROAD,11226,BRIGHTON LINE,EAST   16 STREET,DORCHESTER ROAD,40.639534126270725,"{'type': 'Point', 'coordinates': [-73.96350334790395, 40.639534126270725]}",,,,Residential Building/House,,-73.96350334790395,ONLINE,BROOKLYN,Unspecified,2020-03-26T05:41:01.000,The Police Department responded to the complaint but officers were unable to gain entry into the pre,Closed,DORCHESTER ROAD,,45891601,994379,172278
16,,DPR,Department of Parks and Recreation,4080420058,QUEENS,LITTLE NECK,,11 QUEENS,Overgrown Tree/Branches,2020-03-26T00:03:23.000,BEND,WEST DRIVE,Dead Branches in Tree,,8 SHORE ROAD,11363,BEND,WEST DRIVE,SHORE ROAD,40.773954988423775,"{'type': 'Point', 'coordinates': [-73.75288915434692, 40.773954988423775]}",,,,Street,,-73.75288915434692,UNKNOWN,QUEENS,Unspecified,,,In Progress,SHORE ROAD,,45891501,1052693,221346
17,,DPR,Department of Parks and Recreation,4080450017,QUEENS,LITTLE NECK,,11 QUEENS,Overgrown Tree/Branches,2020-03-26T00:03:23.000,WEST DRIVE,CENTER DRIVE,Dead Branches in Tree,,102 PARK LANE,11363,WEST DRIVE,CENTER DRIVE,PARK LANE,40.77410390034819,"{'type': 'Point', 'coordinates': [-73.7519354351448, 40.77410390034819]}",,,,Street,,-73.7519354351448,UNKNOWN,QUEENS,Unspecified,,,In Progress,PARK LANE,,45893035,1052957,221401
18,,DPR,Department of Parks and Recreation,4080450017,QUEENS,LITTLE NECK,,11 QUEENS,New Tree Request,2020-03-26T00:03:23.000,WEST DRIVE,CENTER DRIVE,For One Address,,102 PARK LANE,11363,WEST DRIVE,CENTER DRIVE,PARK LANE,40.77410390034819,"{'type': 'Point', 'coordinates': [-73.7519354351448, 40.77410390034819]}",,,,Street,,-73.7519354351448,UNKNOWN,QUEENS,Unspecified,,,In Progress,PARK LANE,,45893502,1052957,221401
19,,DPR,Department of Parks and Recreation,4080450017,QUEENS,LITTLE NECK,,11 QUEENS,Root/Sewer/Sidewalk Condition,2020-03-26T00:03:23.000,WEST DRIVE,CENTER DRIVE,Trees and Sidewalks Program,,102 PARK LANE,11363,WEST DRIVE,CENTER DRIVE,PARK LANE,40.77410390034819,"{'type': 'Point', 'coordinates': [-73.7519354351448, 40.77410390034819]}",,,,Street,,-73.7519354351448,UNKNOWN,QUEENS,Unspecified,,,In Progress,PARK LANE,,45894023,1052957,221401
20,,DPR,Department of Parks and Recreation,4080420058,QUEENS,LITTLE NECK,,11 QUEENS,Dead/Dying Tree,2020-03-26T00:03:23.000,BEND,WEST DRIVE,Planted More Than 2 Years Ago,,8 SHORE ROAD,11363,BEND,WEST DRIVE,SHORE ROAD,40.773954988423775,"{'type': 'Point', 'coordinates': [-73.75288915434692, 40.773954988423775]}",,,,Street,,-73.75288915434692,UNKNOWN,QUEENS,Unspecified,,,In Progress,SHORE ROAD,,45895460,1052693,221346
21,,DPR,Department of Parks and Recreation,4080450017,QUEENS,LITTLE NECK,,11 QUEENS,Dead/Dying Tree,2020-03-26T00:03:23.000,WEST DRIVE,CENTER DRIVE,Planted More Than 2 Years Ago,,102 PARK LANE,11363,WEST DRIVE,CENTER DRIVE,PARK LANE,40.77410390034819,"{'type': 'Point', 'coordinates': [-73.7519354351448, 40.77410390034819]}",,,,Street,,-73.7519354351448,UNKNOWN,QUEENS,Unspecified,,,In Progress,PARK LANE,,45893483,1052957,221401
22,,DPR,Department of Parks and Recreation,4080420058,QUEENS,LITTLE NECK,,11 QUEENS,New Tree Request,2020-03-26T00:03:23.000,BEND,WEST DRIVE,For One Address,,8 SHORE ROAD,11363,BEND,WEST DRIVE,SHORE ROAD,40.773954988423775,"{'type': 'Point', 'coordinates': [-73.75288915434692, 40.773954988423775]}",,,,Street,,-73.75288915434692,UNKNOWN,QUEENS,Unspecified,,,In Progress,SHORE ROAD,,45894019,1052693,221346
23,,DPR,Department of Parks and Recreation,4080420058,QUEENS,LITTLE NECK,,11 QUEENS,New Tree Request,2020-03-26T00:03:23.000,BEND,WEST DRIVE,For One Address,,8 SHORE ROAD,11363,BEND,WEST DRIVE,SHORE ROAD,40.773954988423775,"{'type': 'Point', 'coordinates': [-73.75288915434692, 40.773954988423775]}",,,,Street,,-73.75288915434692,UNKNOWN,QUEENS,Unspecified,,,In Progress,SHORE ROAD,,45895463,1052693,221346
24,,NYPD,New York City Police Department,3083290225,BROOKLYN,BROOKLYN,,18 BROOKLYN,Noise - Residential,2020-03-26T00:03:32.000,BELT PARKWAY EXIT   13 WESTBOUND,EAST  102 STREET,Loud Music/Party,,5935 SHORE PARKWAY,11236,BELT PARKWAY EXIT   13 WESTBOUND,EAST  102 STREET,SHORE PARKWAY,40.631446062234645,"{'type': 'Point', 'coordinates': [-73.88539297143048, 40.631446062234645]}",,,,Residential Building/House,,-73.88539297143048,ONLINE,BROOKLYN,Unspecified,,,In Progress,SHORE PARKWAY,,45890931,1016061,169350
25,,TLC,Taxi and Limousine Commission,3012590001,BROOKLYN,BROOKLYN,,08 BROOKLYN,For Hire Vehicle Complaint,2020-03-26T00:04:16.000,FRANKLIN AVENUE,BEDFORD AVENUE,Driver Complaint - Non Passenger,,333 EASTERN PARKWAY,11216,FRANKLIN AVENUE,BEDFORD AVENUE,EASTERN PARKWAY,40.67056454988663,"{'type': 'Point', 'coordinates': [-73.9574590409931, 40.67056454988663]}",,,,,,-73.9574590409931,ONLINE,BROOKLYN,Unspecified,,,In Progress,EASTERN PARKWAY,"333 EASTERN PARKWAY, BROOKLYN, NY, 11216",45892307,996051,183584
26,,NYPD,New York City Police Department,3014030040,BROOKLYN,BROOKLYN,,09 BROOKLYN,Noise - Residential,2020-03-26T00:05:48.000,UTICA AVENUE,ROCHESTER AVENUE,Loud Music/Party,,1776 UNION STREET,11213,UTICA AVENUE,ROCHESTER AVENUE,UNION STREET,40.66770152165978,"{'type': 'Point', 'coordinates': [-73.92915310753094, 40.66770152165978]}",,,,Residential Building/House,,-73.92915310753094,MOBILE,BROOKLYN,Unspecified,,,In Progress,UNION STREET,,45891718,1003904,182546
27,,DPR,Department of Parks and Recreation,4080610013,QUEENS,LITTLE NECK,,11 QUEENS,Dead/Dying Tree,2020-03-26T00:06:25.000,ALSTON PLACE,ARDSLEY ROAD,Planted More Than 2 Years Ago,,4 RIDGE ROAD,11363,ALSTON PLACE,ARDSLEY ROAD,RIDGE ROAD,40.77344194677934,"{'type': 'Point', 'coordinates': [-73.75171766389006, 40.77344194677934]}",,,,Street,,-73.75171766389006,UNKNOWN,QUEENS,Unspecified,,,In Progress,RIDGE ROAD,,45894970,1053018,221160
28,,DPR,Department of Parks and Recreation,4080450017,QUEENS,LITTLE NECK,,11 QUEENS,New Tree Request,2020-03-26T00:06:25.000,WEST DRIVE,CENTER DRIVE,For One Address,,102 PARK LANE,11363,WEST DRIVE,CENTER DRIVE,PARK LANE,40.77410390034819,"{'type': 'Point', 'coordinates': [-73.7519354351448, 40.77410390034819]}",,,,Street,,-73.7519354351448,UNKNOWN,QUEENS,Unspecified,,,In Progress,PARK LANE,,45894567,1052957,221401
29,,NYPD,New York City Police Department,4014760026,QUEENS,JACKSON HEIGHTS,,03 QUEENS,Noise - Residential,2020-03-26T00:06:25.000,37 AVENUE,ROOSEVELT AVENUE,Banging/Pounding,,37-52 89 STREET,11372,37 AVENUE,ROOSEVELT AVENUE,89 STREET,40.74932873873501,"{'type': 'Point', 'coordinates': [-73.87761100776179, 40.74932873873501]}",,,,,,-73.87761100776179,PHONE,QUEENS,Unspecified,,,In Progress,89 STREET,,45895056,1018161,212301
30,,DPR,Department of Parks and Recreation,4080610013,QUEENS,LITTLE NECK,,11 QUEENS,New Tree Request,2020-03-26T00:06:26.000,ALSTON PLACE,ARDSLEY ROAD,For One Address,,4 RIDGE ROAD,11363,ALSTON PLACE,ARDSLEY ROAD,RIDGE ROAD,40.77344194677934,"{'type': 'Point', 'coordinates': [-73.75171766389006, 40.77344194677934]}",,,,Street,,-73.75171766389006,UNKNOWN,QUEENS,Unspecified,,,In Progress,RIDGE ROAD,,45891075,1053018,221160
31,,DPR,Department of Parks and Recreation,4080440013,QUEENS,LITTLE NECK,,11 QUEENS,New Tree Request,2020-03-26T00:06:26.000,36 AVENUE,ALSTON PLACE,For One Address,,36-18 WEST DRIVE,11363,36 AVENUE,ALSTON PLACE,WEST DRIVE,40.77374478396999,"{'type': 'Point', 'coordinates': [-73.7521425691133, 40.77374478396999]}",,,,Street,,-73.7521425691133,UNKNOWN,QUEENS,Unspecified,,,In Progress,WEST DRIVE,,45893487,1052900,221270
32,,DPR,Department of Parks and Recreation,4080610013,QUEENS,LITTLE NECK,,11 QUEENS,Overgrown Tree/Branches,2020-03-26T00:06:26.000,ALSTON PLACE,ARDSLEY ROAD,Dead Branches in Tree,,4 RIDGE ROAD,11363,ALSTON PLACE,ARDSLEY ROAD,RIDGE ROAD,40.77344194677934,"{'type': 'Point', 'coordinates': [-73.75171766389006, 40.77344194677934]}",,,,Street,,-73.75171766389006,UNKNOWN,QUEENS,Unspecified,,,In Progress,RIDGE ROAD,,45891500,1053018,221160
33,,DPR,Department of Parks and Recreation,4080610008,QUEENS,LITTLE NECK,,11 QUEENS,New Tree Request,2020-03-26T00:06:26.000,WEST DRIVE,BEND,For One Address,,110 WEST DRIVE,11363,WEST DRIVE,BEND,WEST DRIVE,40.77308359973772,"{'type': 'Point', 'coordinates': [-73.75228222612024, 40.77308359973772]}",,,,Street,,-73.75228222612024,UNKNOWN,QUEENS,Unspecified,,,In Progress,WEST DRIVE,,45894638,1052862,221029
34,,DPR,Department of Parks and Recreation,4080610013,QUEENS,LITTLE NECK,,11 QUEENS,Dead/Dying Tree,2020-03-26T00:06:26.000,ALSTON PLACE,ARDSLEY ROAD,Planted More Than 2 Years Ago,,4 RIDGE ROAD,11363,ALSTON PLACE,ARDSLEY ROAD,RIDGE ROAD,40.77344194677934,"{'type': 'Point', 'coordinates': [-73.75171766389006, 40.77344194677934]}",,,,Street,,-73.75171766389006,UNKNOWN,QUEENS,Unspecified,,,In Progress,RIDGE ROAD,,45890944,1053018,221160
35,,DPR,Department of Parks and Recreation,4080610008,QUEENS,LITTLE NECK,,11 QUEENS,Root/Sewer/Sidewalk Condition,2020-03-26T00:06:27.000,WEST DRIVE,BEND,Trees and Sidewalks Program,,110 WEST DRIVE,11363,WEST DRIVE,BEND,WEST DRIVE,40.77308359973772,"{'type': 'Point', 'coordinates': [-73.75228222612024, 40.77308359973772]}",,,,Street,,-73.75228222612024,UNKNOWN,QUEENS,Unspecified,,,In Progress,WEST DRIVE,,45894571,1052862,221029
36,,DPR,Department of Parks and Recreation,4080610013,QUEENS,LITTLE NECK,,11 QUEENS,Overgrown Tree/Branches,2020-03-26T00:06:29.000,ALSTON PLACE,ARDSLEY ROAD,Hitting Building,,4 RIDGE ROAD,11363,ALSTON PLACE,ARDSLEY ROAD,RIDGE ROAD,40.77344194677934,"{'type': 'Point', 'coordinates': [-73.75171766389006, 40.77344194677934]}",,,,Street,,-73.75171766389006,UNKNOWN,QUEENS,Unspecified,,,In Progress,RIDGE ROAD,,45891961,1053018,221160
37,,NYPD,New York City Police Department,4014760026,QUEENS,JACKSON HEIGHTS,,03 QUEENS,Noise - Residential,2020-03-26T00:08:37.000,37 AVENUE,ROOSEVELT AVENUE,Banging/Pounding,,37-52 89 STREET,11372,37 AVENUE,ROOSEVELT AVENUE,89 STREET,40.74932873873501,"{'type': 'Point', 'coordinates': [-73.87761100776179, 40.74932873873501]}",,,,,,-73.87761100776179,PHONE,QUEENS,Unspecified,,,In Progress,89 STREET,,45895952,1018161,212301
38,,NYPD,New York City Police Department,3068210275,BROOKLYN,BROOKLYN,,15 BROOKLYN,Noise - Street/Sidewalk,2020-03-26T00:08:56.000,AVENUE R,MOORE PLACE,Loud Talking,,1815 EAST   17 STREET,11229,AVENUE R,MOORE PLACE,EAST   17 STREET,40.605586570194475,"{'type': 'Point', 'coordinates': [-73.95575378891145, 40.605586570194475]}",,,,Street/Sidewalk,,-73.95575378891145,MOBILE,BROOKLYN,Unspecified,,,In Progress,EAST   17 STREET,,45892181,996536,159911
39,,DPR,Department of Parks and Recreation,4080570014,QUEENS,LITTLE NECK,,11 QUEENS,Dead/Dying Tree,2020-03-26T00:09:27.000,BEND,MELROSE LANE,Planted More Than 2 Years Ago,,22 WEST DRIVE,11363,BEND,MELROSE LANE,WEST DRIVE,40.77265781758126,"{'type': 'Point', 'coordinates': [-73.75212134189228, 40.77265781758126]}",,,,Street,,-73.75212134189228,UNKNOWN,QUEENS,Unspecified,,,In Progress,WEST DRIVE,,45893977,1052907,220874
40,,DPR,Department of Parks and Recreation,4080570014,QUEENS,LITTLE NECK,,11 QUEENS,Overgrown Tree/Branches,2020-03-26T00:09:28.000,BEND,MELROSE LANE,Blocking Street,,22 WEST DRIVE,11363,BEND,MELROSE LANE,WEST DRIVE,40.77265781758126,"{'type': 'Point', 'coordinates': [-73.75212134189228, 40.77265781758126]}",,,,Street,,-73.75212134189228,UNKNOWN,QUEENS,Unspecified,,,In Progress,WEST DRIVE,,45891988,1052907,220874
41,,DPR,Department of Parks and Recreation,4080570014,QUEENS,LITTLE NECK,,11 QUEENS,Overgrown Tree/Branches,2020-03-26T00:09:28.000,BEND,MELROSE LANE,Dead Branches in Tree,,22 WEST DRIVE,11363,BEND,MELROSE LANE,WEST DRIVE,40.77265781758126,"{'type': 'Point', 'coordinates': [-73.75212134189228, 40.77265781758126]}",,,,Street,,-73.75212134189228,UNKNOWN,QUEENS,Unspecified,,,In Progress,WEST DRIVE,,45895324,1052907,220874
42,,DPR,Department of Parks and Recreation,4080570014,QUEENS,LITTLE NECK,,11 QUEENS,Root/Sewer/Sidewalk Condition,2020-03-26T00:09:28.000,BEND,MELROSE LANE,Trees and Sidewalks Program,,22 WEST DRIVE,11363,BEND,MELROSE LANE,WEST DRIVE,40.77265781758126,"{'type': 'Point', 'coordinates': [-73.75212134189228, 40.77265781758126]}",,,,Street,,-73.75212134189228,UNKNOWN,QUEENS,Unspecified,,,In Progress,WEST DRIVE,,45894639,1052907,220874
43,,DPR,Department of Parks and Recreation,4080570014,QUEENS,LITTLE NECK,,11 QUEENS,Dead/Dying Tree,2020-03-26T00:09:28.000,BEND,MELROSE LANE,Planted More Than 2 Years Ago,,22 WEST DRIVE,11363,BEND,MELROSE LANE,WEST DRIVE,40.77265781758126,"{'type': 'Point', 'coordinates': [-73.75212134189228, 40.77265781758126]}",,,,Street,,-73.75212134189228,UNKNOWN,QUEENS,Unspecified,,,In Progress,WEST DRIVE,,45891478,1052907,220874
44,,DPR,Department of Parks and Recreation,4080570014,QUEENS,LITTLE NECK,,11 QUEENS,New Tree Request,2020-03-26T00:09:28.000,BEND,MELROSE LANE,For One Address,,22 WEST DRIVE,11363,BEND,MELROSE LANE,WEST DRIVE,40.77265781758126,"{'type': 'Point', 'coordinates': [-73.75212134189228, 40.77265781758126]}",,,,Street,,-73.75212134189228,UNKNOWN,QUEENS,Unspecified,,,In Progress,WEST DRIVE,,45891931,1052907,220874
45,,DCA,Department of Consumer Affairs,2030650033,BRONX,BRONX,,06 BRONX,Consumer Complaint,2020-03-26T00:10:12.000,EAST  186 STREET,EAST  187 STREET,Bodega/Deli/Supermarket,,2385 ARTHUR AVENUE,10458,EAST  186 STREET,EAST  187 STREET,ARTHUR AVENUE,40.85523625010421,"{'type': 'Point', 'coordinates': [-73.8878486476475, 40.85523625010421]}",,,,Commercial Building,,-73.8878486476475,ONLINE,BRONX,Unspecified,,,In Progress,ARTHUR AVENUE,,45894925,1015275,250883
46,,NYPD,New York City Police Department,4031390062,QUEENS,REGO PARK,,06 QUEENS,Noise - Residential,2020-03-26T00:11:06.000,WOODHAVEN BOULEVARD,FITCHETT STREET,Loud Music/Party,,85-29 66 AVENUE,11374,WOODHAVEN BOULEVARD,FITCHETT STREET,66 AVENUE,40.71880361293652,"{'type': 'Point', 'coordinates': [-73.86241466422547, 40.71880361293652]}",,,,Residential Building/House,,-73.86241466422547,ONLINE,QUEENS,Unspecified,,,In Progress,66 AVENUE,,45892321,1022389,201186
47,,DPR,Department of Parks and Recreation,4080570019,QUEENS,LITTLE NECK,,11 QUEENS,New Tree Request,2020-03-26T00:12:28.000,DEAD END,WEST DRIVE,For One Address,,3 MELROSE LANE,11363,DEAD END,WEST DRIVE,MELROSE LANE,40.772181437475886,"{'type': 'Point', 'coordinates': [-73.75268272326173, 40.772181437475886]}",,,,Street,,-73.75268272326173,UNKNOWN,QUEENS,Unspecified,,,In Progress,MELROSE LANE,,45893011,1052752,220700
48,,DPR,Department of Parks and Recreation,4080440009,QUEENS,LITTLE NECK,,11 QUEENS,Overgrown Tree/Branches,2020-03-26T00:12:28.000,BEND,WEST DRIVE,Blocking Street,,7 SHORE ROAD,11363,BEND,WEST DRIVE,SHORE ROAD,40.773938520061236,"{'type': 'Point', 'coordinates': [-73.75288921545719, 40.773938520061236]}",,,,Street,,-73.75288921545719,UNKNOWN,QUEENS,Unspecified,,,In Progress,SHORE ROAD,,45891431,1052693,221340
49,,NYPD,New York City Police Department,1010907501,MANHATTAN,NEW YORK,,04 MANHATTAN,Noise - Residential,2020-03-26T00:12:31.000,11 AVENUE,12 AVENUE,Loud Music/Party,,635 WEST   42 STREET,10036,11 AVENUE,12 AVENUE,WEST   42 STREET,40.76146240737877,"{'type': 'Point', 'coordinates': [-73.99981590122208, 40.76146240737877]}",,,,Residential Building/House,,-73.99981590122208,ONLINE,MANHATTAN,Unspecified,,,In Progress,WEST   42 STREET,,45895579,984301,216698
50,,DOHMH,Department of Health and Mental Hygiene,4046620033,QUEENS,WHITESTONE,,07 QUEENS,Smoking,2020-03-26T00:12:44.000,CROSS ISLAND PARKWAY,15 ROAD,Smoking Violation,,15-06 150 STREET,11357,CROSS ISLAND PARKWAY,15 ROAD,150 STREET,40.78674419278349,"{'type': 'Point', 'coordinates': [-73.81346587165788, 40.78674419278349]}",,,,Residential Building,,-73.81346587165788,PHONE,QUEENS,Unspecified,,,In Progress,150 STREET,,45895129,1035905,225964
51,,NYPD,New York City Police Department,4021130034,QUEENS,REGO PARK,,06 QUEENS,Noise - Residential,2020-03-26T00:14:46.000,99 STREET,102 STREET,Banging/Pounding,,99-65 64 ROAD,11374,99 STREET,102 STREET,64 ROAD,40.730883886767586,"{'type': 'Point', 'coordinates': [-73.85397195881608, 40.730883886767586]}",,,,,,-73.85397195881608,PHONE,QUEENS,Unspecified,2020-03-26T04:26:58.000,Your complaint has been received by the Police Department and additional information will be availab,In Progress,64 ROAD,,45896118,1024722,205591
52,,DOT,Department of Transportation,4080630036,QUEENS,LITTLE NECK,,11 QUEENS,Sidewalk Condition,2020-03-26T00:14:52.000,FOREST ROAD,WEST DRIVE,Broken Sidewalk,,38-15 ARDSLEY ROAD,11363,FOREST ROAD,WEST DRIVE,ARDSLEY ROAD,40.77265126299573,"{'type': 'Point', 'coordinates': [-73.75162674136115, 40.77265126299573]}",,,,Sidewalk,,-73.75162674136115,ONLINE,QUEENS,Unspecified,,,In Progress,ARDSLEY ROAD,,45893353,1053044,220872
53,,NYPD,New York City Police Department,3033660041,BROOKLYN,BROOKLYN,,04 BROOKLYN,Noise - Residential,2020-03-26T00:15:17.000,MADISON STREET,PUTNAM AVENUE,Loud Music/Party,,1140 BUSHWICK AVENUE,11221,MADISON STREET,PUTNAM AVENUE,BUSHWICK AVENUE,40.68935855806216,"{'type': 'Point', 'coordinates': [-73.91791221071408, 40.68935855806216]}",,,,Residential Building/House,,-73.91791221071408,MOBILE,BROOKLYN,Unspecified,,,In Progress,BUSHWICK AVENUE,,45890916,1007015,190439
54,,DPR,Department of Parks and Recreation,4080630036,QUEENS,LITTLE NECK,,11 QUEENS,Dead/Dying Tree,2020-03-26T00:15:30.000,FOREST ROAD,WEST DRIVE,Planted More Than 2 Years Ago,,38-15 ARDSLEY ROAD,11363,FOREST ROAD,WEST DRIVE,ARDSLEY ROAD,40.77265126299573,"{'type': 'Point', 'coordinates': [-73.75162674136115, 40.77265126299573]}",,,,Street,,-73.75162674136115,UNKNOWN,QUEENS,Unspecified,,,In Progress,ARDSLEY ROAD,,45893495,1053044,220872
55,,DPR,Department of Parks and Recreation,4080630036,QUEENS,LITTLE NECK,,11 QUEENS,Overgrown Tree/Branches,2020-03-26T00:15:30.000,FOREST ROAD,WEST DRIVE,Dead Branches in Tree,,38-15 ARDSLEY ROAD,11363,FOREST ROAD,WEST DRIVE,ARDSLEY ROAD,40.77265126299573,"{'type': 'Point', 'coordinates': [-73.75162674136115, 40.77265126299573]}",,,,Street,,-73.75162674136115,UNKNOWN,QUEENS,Unspecified,,,In Progress,ARDSLEY ROAD,,45891989,1053044,220872
56,,DPR,Department of Parks and Recreation,4080630036,QUEENS,LITTLE NECK,,11 QUEENS,Dead/Dying Tree,2020-03-26T00:15:31.000,FOREST ROAD,WEST DRIVE,Planted More Than 2 Years Ago,,38-15 ARDSLEY ROAD,11363,FOREST ROAD,WEST DRIVE,ARDSLEY ROAD,40.77265126299573,"{'type': 'Point', 'coordinates': [-73.75162674136115, 40.77265126299573]}",,,,Street,,-73.75162674136115,UNKNOWN,QUEENS,Unspecified,,,In Progress,ARDSLEY ROAD,,45892969,1053044,220872
57,,DPR,Department of Parks and Recreation,4080630036,QUEENS,LITTLE NECK,,11 QUEENS,Root/Sewer/Sidewalk Condition,2020-03-26T00:15:31.000,FOREST ROAD,WEST DRIVE,Trees and Sidewalks Program,,38-15 ARDSLEY ROAD,11363,FOREST ROAD,WEST DRIVE,ARDSLEY ROAD,40.77265126299573,"{'type': 'Point', 'coordinates': [-73.75162674136115, 40.77265126299573]}",,,,Street,,-73.75162674136115,UNKNOWN,QUEENS,Unspecified,,,In Progress,ARDSLEY ROAD,,45894985,1053044,220872
58,,DPR,Department of Parks and Recreation,4080630036,QUEENS,LITTLE NECK,,11 QUEENS,New Tree Request,2020-03-26T00:15:31.000,FOREST ROAD,WEST DRIVE,For One Address,,38-15 ARDSLEY ROAD,11363,FOREST ROAD,WEST DRIVE,ARDSLEY ROAD,40.77265126299573,"{'type': 'Point', 'coordinates': [-73.75162674136115, 40.77265126299573]}",,,,Street,,-73.75162674136115,UNKNOWN,QUEENS,Unspecified,,,In Progress,ARDSLEY ROAD,,45895646,1053044,220872
59,,NYPD,New York City Police Department,4014337501,QUEENS,JACKSON HEIGHTS,,03 QUEENS,Noise - Residential,2020-03-26T00:15:53.000,85 STREET,86 STREET,Banging/Pounding,,85-11 34 AVENUE,11372,85 STREET,86 STREET,34 AVENUE,40.754054330698715,"{'type': 'Point', 'coordinates': [-73.88204186513639, 40.754054330698715]}",,,,Residential Building/House,,-73.88204186513639,MOBILE,QUEENS,Unspecified,,,In Progress,34 AVENUE,,45894397,1016931,214021
60,INTERSECTION,DOT,Department of Transportation,,QUEENS,,,Unspecified QUEENS,Traffic Signal Condition,2020-03-26T00:18:00.000,,,Vehicle Signal,N/A,,,BKN QNS EXPY,BROADWAY,,,,,,,,,,UNKNOWN,QUEENS,Unspecified,,,Open,,,45895609,,
61,,DPR,Department of Parks and Recreation,4080630033,QUEENS,LITTLE NECK,,11 QUEENS,Root/Sewer/Sidewalk Condition,2020-03-26T00:18:35.000,ARDSLEY ROAD,BAY STREET,Trees and Sidewalks Program,,12 WEST DRIVE,11363,ARDSLEY ROAD,BAY STREET,WEST DRIVE,40.77222316330816,"{'type': 'Point', 'coordinates': [-73.75166444179135, 40.77222316330816]}",,,,Street,,-73.75166444179135,UNKNOWN,QUEENS,Unspecified,,,In Progress,WEST DRIVE,,45891933,1053034,220716
62,,DPR,Department of Parks and Recreation,4080630029,QUEENS,LITTLE NECK,,11 QUEENS,Root/Sewer/Sidewalk Condition,2020-03-26T00:18:36.000,ARDSLEY ROAD,BAY STREET,Trees and Sidewalks Program,,38-35 WEST DRIVE,11363,ARDSLEY ROAD,BAY STREET,WEST DRIVE,40.77202219869436,"{'type': 'Point', 'coordinates': [-73.7513871929491, 40.77202219869436]}",,,,Street,,-73.7513871929491,UNKNOWN,QUEENS,Unspecified,,,In Progress,WEST DRIVE,,45892503,1053111,220643
63,,NYPD,New York City Police Department,1020280016,MANHATTAN,NEW YORK,,10 MANHATTAN,Noise - Residential,2020-03-26T00:18:49.000,ADAM CLAYTON POWELL JR BOULEVARD,FREDERICK DOUGLASS BOULEVARD,Loud Music/Party,,200 WEST  143 STREET,10030,ADAM CLAYTON POWELL JR BOULEVARD,FREDERICK DOUGLASS BOULEVARD,WEST  143 STREET,40.82037898185339,"{'type': 'Point', 'coordinates': [-73.94013659833263, 40.82037898185339]}",,,,Residential Building/House,,-73.94013659833263,MOBILE,MANHATTAN,Unspecified,,,In Progress,WEST  143 STREET,,45892322,1000819,238169
64,,NYPD,New York City Police Department,2028680163,BRONX,BRONX,,05 BRONX,Noise - Residential,2020-03-26T00:19:00.000,KINGSLAND PLACE,WEST BURNSIDE AVENUE,Loud Music/Party,,1903 HARRISON AVENUE,10453,KINGSLAND PLACE,WEST BURNSIDE AVENUE,HARRISON AVENUE,40.852959197872565,"{'type': 'Point', 'coordinates': [-73.91110616093268, 40.852959197872565]}",,,,Residential Building/House,,-73.91110616093268,MOBILE,BRONX,Unspecified,,,In Progress,HARRISON AVENUE,,45895109,1008842,250046
65,,NYPD,New York City Police Department,4068260001,QUEENS,FRESH MEADOWS,2020-03-26T00:53:27.000,08 QUEENS,Noise - Vehicle,2020-03-26T00:19:50.000,PARSONS BOULEVARD,160 STREET,Car/Truck Horn,,158-40 76 ROAD,11366,PARSONS BOULEVARD,160 STREET,76 ROAD,40.72445772523062,"{'type': 'Point', 'coordinates': [-73.81021642584223, 40.72445772523062]}",,,,Street/Sidewalk,,-73.81021642584223,ONLINE,QUEENS,Unspecified,2020-03-26T04:53:31.000,The Police Department responded to the complaint and determined that police action was not necessary,Closed,76 ROAD,,45892665,1036854,203273
66,,NYPD,New York City Police Department,4001880021,QUEENS,SUNNYSIDE,,02 QUEENS,Illegal Parking,2020-03-26T00:20:20.000,41 STREET,42 STREET,Blocked Hydrant,,41-00 43 AVENUE,11104,41 STREET,42 STREET,43 AVENUE,40.745412740993686,"{'type': 'Point', 'coordinates': [-73.92285231373708, 40.745412740993686]}",,,,Street/Sidewalk,,-73.92285231373708,MOBILE,QUEENS,Unspecified,,,In Progress,43 AVENUE,,45893341,1005627,210860
67,,NYPD,New York City Police Department,3036130015,BROOKLYN,BROOKLYN,2020-03-26T00:36:24.000,16 BROOKLYN,Noise - Residential,2020-03-26T00:20:55.000,NEWPORT STREET,LOTT AVENUE,Banging/Pounding,,521 BRISTOL STREET,11212,NEWPORT STREET,LOTT AVENUE,BRISTOL STREET,40.65827058736777,"{'type': 'Point', 'coordinates': [-73.90974010264539, 40.65827058736777]}",,,,Residential Building/House,,-73.90974010264539,PHONE,BROOKLYN,Unspecified,2020-03-26T04:36:25.000,The Police Department responded to the complaint and with the information available observed no evid,Closed,BRISTOL STREET,,45896093,1009293,179115
68,,DCA,Department of Consumer Affairs,1021740020,MANHATTAN,NEW YORK,,12 MANHATTAN,Consumer Complaint,2020-03-26T00:21:05.000,SICKLES STREET,ARDEN STREET,Retail Store,,39 SHERMAN AVENUE,10040,SICKLES STREET,ARDEN STREET,SHERMAN AVENUE,40.8628710445418,"{'type': 'Point', 'coordinates': [-73.92788591485892, 40.8628710445418]}",,,,,,-73.92788591485892,PHONE,MANHATTAN,Unspecified,,,In Progress,SHERMAN AVENUE,,45894718,1004197,253653
69,,DPR,Department of Parks and Recreation,4080450024,QUEENS,LITTLE NECK,,11 QUEENS,Dead/Dying Tree,2020-03-26T00:21:34.000,WEST DRIVE,CENTER DRIVE,Planted More Than 2 Years Ago,,118 PARK LANE,11363,WEST DRIVE,CENTER DRIVE,PARK LANE,40.77413643273525,"{'type': 'Point', 'coordinates': [-73.75174756892227, 40.77413643273525]}",,,,Street,,-73.75174756892227,UNKNOWN,QUEENS,Unspecified,,,In Progress,PARK LANE,,45896007,1053009,221413
70,,DPR,Department of Parks and Recreation,4080450024,QUEENS,LITTLE NECK,,11 QUEENS,Root/Sewer/Sidewalk Condition,2020-03-26T00:21:34.000,WEST DRIVE,CENTER DRIVE,Trees and Sidewalks Program,,118 PARK LANE,11363,WEST DRIVE,CENTER DRIVE,PARK LANE,40.77413643273525,"{'type': 'Point', 'coordinates': [-73.75174756892227, 40.77413643273525]}",,,,Street,,-73.75174756892227,UNKNOWN,QUEENS,Unspecified,,,In Progress,PARK LANE,,45895825,1053009,221413
71,,DPR,Department of Parks and Recreation,4080450024,QUEENS,LITTLE NECK,,11 QUEENS,New Tree Request,2020-03-26T00:21:35.000,WEST DRIVE,CENTER DRIVE,For One Address,,118 PARK LANE,11363,WEST DRIVE,CENTER DRIVE,PARK LANE,40.77413643273525,"{'type': 'Point', 'coordinates': [-73.75174756892227, 40.77413643273525]}",,,,Street,,-73.75174756892227,UNKNOWN,QUEENS,Unspecified,,,In Progress,PARK LANE,,45893486,1053009,221413
72,,DPR,Department of Parks and Recreation,4080450024,QUEENS,LITTLE NECK,,11 QUEENS,New Tree Request,2020-03-26T00:21:35.000,WEST DRIVE,CENTER DRIVE,For One Address,,118 PARK LANE,11363,WEST DRIVE,CENTER DRIVE,PARK LANE,40.77413643273525,"{'type': 'Point', 'coordinates': [-73.75174756892227, 40.77413643273525]}",,,,Street,,-73.75174756892227,UNKNOWN,QUEENS,Unspecified,,,In Progress,PARK LANE,,45893501,1053009,221413
73,,DPR,Department of Parks and Recreation,4080450024,QUEENS,LITTLE NECK,,11 QUEENS,Dead/Dying Tree,2020-03-26T00:21:35.000,WEST DRIVE,CENTER DRIVE,Planted More Than 2 Years Ago,,118 PARK LANE,11363,WEST DRIVE,CENTER DRIVE,PARK LANE,40.77413643273525,"{'type': 'Point', 'coordinates': [-73.75174756892227, 40.77413643273525]}",,,,Street,,-73.75174756892227,UNKNOWN,QUEENS,Unspecified,,,In Progress,PARK LANE,,45892968,1053009,221413
74,,DPR,Department of Parks and Recreation,4080450024,QUEENS,LITTLE NECK,,11 QUEENS,Overgrown Tree/Branches,2020-03-26T00:21:35.000,WEST DRIVE,CENTER DRIVE,Dead Branches in Tree,,118 PARK LANE,11363,WEST DRIVE,CENTER DRIVE,PARK LANE,40.77413643273525,"{'type': 'Point', 'coordinates': [-73.75174756892227, 40.77413643273525]}",,,,Street,,-73.75174756892227,UNKNOWN,QUEENS,Unspecified,,,In Progress,PARK LANE,,45893488,1053009,221413
75,,NYPD,New York City Police Department,3081990050,BROOKLYN,BROOKLYN,,18 BROOKLYN,Animal-Abuse,2020-03-26T00:22:16.000,FLATLANDS AVENUE,SKIDMORE LANE,Neglected,,1192 EAST   92 STREET,11236,FLATLANDS AVENUE,SKIDMORE LANE,EAST   92 STREET,40.6406252857506,"{'type': 'Point', 'coordinates': [-73.9040924632139, 40.6406252857506]}",,,,Residential Building/House,,-73.9040924632139,ONLINE,BROOKLYN,Unspecified,,,In Progress,EAST   92 STREET,,45895112,1010867,172688
76,,NYPD,New York City Police Department,4068290001,QUEENS,FRESH MEADOWS,2020-03-26T00:46:31.000,08 QUEENS,Noise - Vehicle,2020-03-26T00:22:29.000,78 AVENUE,78 ROAD,Car/Truck Horn,,78-15 PARSONS BOULEVARD,11366,78 AVENUE,78 ROAD,PARSONS BOULEVARD,40.72195913199264,"{'type': 'Point', 'coordinates': [-73.80969682426189, 40.72195913199264]}",,,,Street/Sidewalk,,-73.80969682426189,ONLINE,QUEENS,Unspecified,2020-03-26T04:46:42.000,The Police Department responded to the complaint and determined that police action was not necessary,Closed,PARSONS BOULEVARD,,45891832,1037000,202363
77,,NYPD,New York City Police Department,2042980022,BRONX,BRONX,,11 BRONX,Noise - Residential,2020-03-26T00:23:16.000,MULINER AVENUE,BOGART AVENUE,Banging/Pounding,,900 LYDIG AVENUE,10462,MULINER AVENUE,BOGART AVENUE,LYDIG AVENUE,40.85438189777797,"{'type': 'Point', 'coordinates': [-73.86185587000068, 40.85438189777797]}",,,,Residential Building/House,,-73.86185587000068,MOBILE,BRONX,Unspecified,,,In Progress,LYDIG AVENUE,,45894345,1022466,250582
78,,DPR,Department of Parks and Recreation,4080450039,QUEENS,LITTLE NECK,,11 QUEENS,Overgrown Tree/Branches,2020-03-26T00:24:35.000,PARK LANE,RIDGE ROAD,Hitting Power/Phone Lines,,141 CENTER DRIVE,11363,PARK LANE,RIDGE ROAD,CENTER DRIVE,40.77401826837016,"{'type': 'Point', 'coordinates': [-73.75041213362495, 40.77401826837016]}",,,,Street,,-73.75041213362495,UNKNOWN,QUEENS,Unspecified,,,In Progress,CENTER DRIVE,,45893504,1053379,221371
79,,DPR,Department of Parks and Recreation,4080450039,QUEENS,LITTLE NECK,,11 QUEENS,Dead/Dying Tree,2020-03-26T00:24:36.000,PARK LANE,RIDGE ROAD,Planted More Than 2 Years Ago,,141 CENTER DRIVE,11363,PARK LANE,RIDGE ROAD,CENTER DRIVE,40.77401826837016,"{'type': 'Point', 'coordinates': [-73.75041213362495, 40.77401826837016]}",,,,Street,,-73.75041213362495,UNKNOWN,QUEENS,Unspecified,,,In Progress,CENTER DRIVE,,45896184,1053379,221371
80,,DPR,Department of Parks and Recreation,4080450039,QUEENS,LITTLE NECK,,11 QUEENS,Dead/Dying Tree,2020-03-26T00:24:37.000,PARK LANE,RIDGE ROAD,Planted More Than 2 Years Ago,,141 CENTER DRIVE,11363,PARK LANE,RIDGE ROAD,CENTER DRIVE,40.77401826837016,"{'type': 'Point', 'coordinates': [-73.75041213362495, 40.77401826837016]}",,,,Street,,-73.75041213362495,UNKNOWN,QUEENS,Unspecified,,,In Progress,CENTER DRIVE,,45893031,1053379,221371
81,,DPR,Department of Parks and Recreation,4080450039,QUEENS,LITTLE NECK,,11 QUEENS,Overgrown Tree/Branches,2020-03-26T00:24:37.000,PARK LANE,RIDGE ROAD,Dead Branches in Tree,,141 CENTER DRIVE,11363,PARK LANE,RIDGE ROAD,CENTER DRIVE,40.77401826837016,"{'type': 'Point', 'coordinates': [-73.75041213362495, 40.77401826837016]}",,,,Street,,-73.75041213362495,UNKNOWN,QUEENS,Unspecified,,,In Progress,CENTER DRIVE,,45892972,1053379,221371
82,,DPR,Department of Parks and Recreation,4080450024,QUEENS,LITTLE NECK,,11 QUEENS,Overgrown Tree/Branches,2020-03-26T00:24:38.000,WEST DRIVE,CENTER DRIVE,Hitting Power/Phone Lines,,118 PARK LANE,11363,WEST DRIVE,CENTER DRIVE,PARK LANE,40.77413643273525,"{'type': 'Point', 'coordinates': [-73.75174756892227, 40.77413643273525]}",,,,Street,,-73.75174756892227,UNKNOWN,QUEENS,Unspecified,,,In Progress,PARK LANE,,45891991,1053009,221413
83,,DPR,Department of Parks and Recreation,4080450039,QUEENS,LITTLE NECK,,11 QUEENS,New Tree Request,2020-03-26T00:24:38.000,PARK LANE,RIDGE ROAD,For One Address,,141 CENTER DRIVE,11363,PARK LANE,RIDGE ROAD,CENTER DRIVE,40.77401826837016,"{'type': 'Point', 'coordinates': [-73.75041213362495, 40.77401826837016]}",,,,Street,,-73.75041213362495,UNKNOWN,QUEENS,Unspecified,,,In Progress,CENTER DRIVE,,45890957,1053379,221371
84,,NYPD,New York City Police Department,4060330013,QUEENS,BAYSIDE,2020-03-26T02:00:10.000,11 QUEENS,Illegal Parking,2020-03-26T00:24:48.000,32 AVENUE,33 AVENUE,Blocked Hydrant,,32-16 204 STREET,11361,32 AVENUE,33 AVENUE,204 STREET,40.77026014780487,"{'type': 'Point', 'coordinates': [-73.78557580212735, 40.77026014780487]}",,,,Street/Sidewalk,,-73.78557580212735,ONLINE,QUEENS,Unspecified,2020-03-26T02:00:00.000,The Police Department issued a summons in response to the complaint.,Closed,204 STREET,,45893126,1043643,219976
85,,NYPD,New York City Police Department,,BROOKLYN,,2020-03-26T01:54:23.000,Unspecified BROOKLYN,Illegal Parking,2020-03-26T00:26:03.000,FORT HAMILTON PARKWAY,11 AVENUE,Blocked Hydrant,,48 STREET,11219,FORT HAMILTON PARKWAY,11 AVENUE,,,,,,,Street/Sidewalk,,,PHONE,BROOKLYN,Unspecified,2020-03-26T05:54:27.000,The Police Department issued a summons in response to the complaint.,Closed,48 STREET,,45895868,,
86,,NYPD,New York City Police Department,2029650239,BRONX,BRONX,,03 BRONX,Blocked Driveway,2020-03-26T00:26:35.000,FREEMAN STREET,BEND,Partial Access,,1303 INTERVALE AVENUE,10459,FREEMAN STREET,BEND,INTERVALE AVENUE,40.830429232959766,"{'type': 'Point', 'coordinates': [-73.89328545377518, 40.830429232959766]}",,,,Street/Sidewalk,,-73.89328545377518,PHONE,BRONX,Unspecified,,,In Progress,INTERVALE AVENUE,,45896297,1013782,241843
87,,NYPD,New York City Police Department,2037360073,BRONX,BRONX,,09 BRONX,Illegal Parking,2020-03-26T00:26:36.000,WATSON AVENUE,WESTCHESTER AVENUE,Blocked Sidewalk,,1121 COLGATE AVENUE,10472,WATSON AVENUE,WESTCHESTER AVENUE,COLGATE AVENUE,40.82644342162665,"{'type': 'Point', 'coordinates': [-73.88154498134838, 40.82644342162665]}",,,,Street/Sidewalk,,-73.88154498134838,ONLINE,BRONX,Unspecified,,,In Progress,COLGATE AVENUE,,45893306,1017033,240395
88,,NYPD,New York City Police Department,4002970038,QUEENS,LONG ISLAND CITY,,02 QUEENS,Noise - Residential,2020-03-26T00:27:08.000,VAN DAM STREET,REVIEW AVENUE,Loud Music/Party,,53-30 35 STREET,11101,VAN DAM STREET,REVIEW AVENUE,35 STREET,40.73532919840294,"{'type': 'Point', 'coordinates': [-73.93755725231817, 40.73532919840294]}",,,,Residential Building/House,,-73.93755725231817,MOBILE,QUEENS,Unspecified,,,In Progress,35 STREET,,45893832,1001555,207183
89,,NYPD,New York City Police Department,3067030055,BROOKLYN,BROOKLYN,,14 BROOKLYN,Noise - Residential,2020-03-26T00:29:16.000,AVENUE H,LIRR BAY RIDGE LINE,Loud Music/Party,,1326 OCEAN AVENUE,11230,AVENUE H,LIRR BAY RIDGE LINE,OCEAN AVENUE,40.62993892082172,"{'type': 'Point', 'coordinates': [-73.95720392903489, 40.62993892082172]}",,,,Residential Building/House,,-73.95720392903489,ONLINE,BROOKLYN,Unspecified,,,In Progress,OCEAN AVENUE,,45893831,996129,168783
90,,NYPD,New York City Police Department,1011540101,MANHATTAN,NEW YORK,,07 MANHATTAN,Noise - Residential,2020-03-26T00:29:21.000,WEST   62 STREET,WEST   64 STREET,Loud Music/Party,,90 AMSTERDAM AVENUE,10023,WEST   62 STREET,WEST   64 STREET,AMSTERDAM AVENUE,40.77317606181161,"{'type': 'Point', 'coordinates': [-73.98560527569799, 40.77317606181161]}",,,,Residential Building/House,,-73.98560527569799,PHONE,MANHATTAN,Unspecified,,,In Progress,AMSTERDAM AVENUE,,45895764,988237,220966
91,,NYPD,New York City Police Department,4014760026,QUEENS,JACKSON HEIGHTS,,03 QUEENS,Noise - Residential,2020-03-26T00:29:32.000,37 AVENUE,ROOSEVELT AVENUE,Banging/Pounding,,37-52 89 STREET,11372,37 AVENUE,ROOSEVELT AVENUE,89 STREET,40.74932873873501,"{'type': 'Point', 'coordinates': [-73.87761100776179, 40.74932873873501]}",,,,Residential Building/House,,-73.87761100776179,PHONE,QUEENS,Unspecified,,,In Progress,89 STREET,,45892846,1018161,212301
92,INTERSECTION,DOT,Department of Transportation,,QUEENS,Astoria,,01 QUEENS,Traffic Signal Condition,2020-03-26T00:31:00.000,,,Controller,N/A,,11106,35 AVENUE,32 STREET,,40.75775353059498,"{'type': 'Point', 'coordinates': [-73.9277037347394, 40.75775353059498]}",,,,,,-73.9277037347394,UNKNOWN,QUEENS,Unspecified,,,Open,,,45892379,1004279,215355
93,,NYPD,New York City Police Department,2037360001,BRONX,BRONX,,09 BRONX,Illegal Parking,2020-03-26T00:32:01.000,WATSON AVENUE,WESTCHESTER AVENUE,Posted Parking Sign Violation,,1113 COLGATE AVENUE,10472,WATSON AVENUE,WESTCHESTER AVENUE,COLGATE AVENUE,40.82628968059606,"{'type': 'Point', 'coordinates': [-73.88150912203774, 40.82628968059606]}",,,,Street/Sidewalk,,-73.88150912203774,ONLINE,BRONX,Unspecified,,,In Progress,COLGATE AVENUE,,45895573,1017043,240339
94,,NYPD,New York City Police Department,1020450100,MANHATTAN,NEW YORK,2020-03-26T01:26:57.000,10 MANHATTAN,Noise - Residential,2020-03-26T00:32:26.000,FREDERICK DOUGLASS BOULEVARD,BRADHURST AVENUE,Loud Music/Party,,308 WEST  150 STREET,10039,FREDERICK DOUGLASS BOULEVARD,BRADHURST AVENUE,WEST  150 STREET,40.82607958950286,"{'type': 'Point', 'coordinates': [-73.9398098872793, 40.82607958950286]}",,,,,,-73.9398098872793,PHONE,MANHATTAN,Unspecified,2020-03-26T05:27:09.000,The Police Department responded to the complaint and took action to fix the condition.,Closed,WEST  150 STREET,,45895581,1000908,240246
95,,NYPD,New York City Police Department,3050430001,BROOKLYN,BROOKLYN,,09 BROOKLYN,Noise - Residential,2020-03-26T00:33:07.000,BEDFORD AVENUE,ROGERS AVENUE,Loud Music/Party,,125 HAWTHORNE STREET,11225,BEDFORD AVENUE,ROGERS AVENUE,HAWTHORNE STREET,40.657509747663944,"{'type': 'Point', 'coordinates': [-73.9557770171064, 40.657509747663944]}",,,,Residential Building/House,,-73.9557770171064,ONLINE,BROOKLYN,Unspecified,,,In Progress,HAWTHORNE STREET,,45895098,996520,178828
96,,NYPD,New York City Police Department,4060330015,QUEENS,BAYSIDE,2020-03-26T01:14:43.000,11 QUEENS,Illegal Parking,2020-03-26T00:33:47.000,32 AVENUE,33 AVENUE,Blocked Hydrant,,32-20 204 STREET,11361,32 AVENUE,33 AVENUE,204 STREET,40.77021344705838,"{'type': 'Point', 'coordinates': [-73.78555429090098, 40.77021344705838]}",,,,Street/Sidewalk,,-73.78555429090098,ONLINE,QUEENS,Unspecified,2020-03-26T05:14:48.000,The Police Department issued a summons in response to the complaint.,Closed,204 STREET,,45894090,1043649,219959
97,,NYPD,New York City Police Department,1020280016,MANHATTAN,NEW YORK,,10 MANHATTAN,Noise - Residential,2020-03-26T00:35:33.000,ADAM CLAYTON POWELL JR BOULEVARD,FREDERICK DOUGLASS BOULEVARD,Loud Music/Party,,200 WEST  143 STREET,10030,ADAM CLAYTON POWELL JR BOULEVARD,FREDERICK DOUGLASS BOULEVARD,WEST  143 STREET,40.82037898185339,"{'type': 'Point', 'coordinates': [-73.94013659833263, 40.82037898185339]}",,,,Residential Building/House,,-73.94013659833263,MOBILE,MANHATTAN,Unspecified,,,In Progress,WEST  143 STREET,,45891105,1000819,238169
98,,NYPD,New York City Police Department,2030620021,BRONX,BRONX,,06 BRONX,Noise - Residential,2020-03-26T00:35:50.000,EAST  180 STREET,EAST  181 STREET,Loud Music/Party,,2111 LAFONTAINE AVENUE,10457,EAST  180 STREET,EAST  181 STREET,LAFONTAINE AVENUE,40.85018459258685,"{'type': 'Point', 'coordinates': [-73.89213684879469, 40.85018459258685]}",,,,Residential Building/House,,-73.89213684879469,PHONE,BRONX,Unspecified,,,In Progress,LAFONTAINE AVENUE,,45893818,1014091,249041
99,,NYPD,New York City Police Department,4035990042,QUEENS,RIDGEWOOD,,05 QUEENS,Illegal Parking,2020-03-26T00:36:09.000,CYPRESS HILLS STREET,COOPER AVENUE,Blocked Hydrant,,74-20 65 STREET,11385,CYPRESS HILLS STREET,COOPER AVENUE,65 STREET,40.70001743177427,"{'type': 'Point', 'coordinates': [-73.88950185862467, 40.70001743177427]}",,,,Street/Sidewalk,,-73.88950185862467,MOBILE,QUEENS,Unspecified,,,In Progress,65 STREET,,45895947,1014889,194331
100,INTERSECTION,DOT,Department of Transportation,,BROOKLYN,BROOKLYN,,02 BROOKLYN,Traffic Signal Condition,2020-03-26T00:37:00.000,,,Controller,N/A,,11205,CARLTON AVENUE,FLUSHING AVENUE,,40.697959510217885,"{'type': 'Point', 'coordinates': [-73.97379992764813, 40.697959510217885]}",,,,,,-73.97379992764813,UNKNOWN,BROOKLYN,Unspecified,,,Open,,,45893401,991515,193563
101,,NYPD,New York City Police Department,4092650006,QUEENS,KEW GARDENS,2020-03-26T01:06:41.000,09 QUEENS,Noise - Residential,2020-03-26T00:37:38.000,85 AVENUE,HILLSIDE AVENUE,Loud Music/Party,,85-10 120 STREET,11415,85 AVENUE,HILLSIDE AVENUE,120 STREET,40.702710556333656,"{'type': 'Point', 'coordinates': [-73.83111730711053, 40.702710556333656]}",,,,Residential Building/House,,-73.83111730711053,PHONE,QUEENS,Unspecified,2020-03-26T05:06:44.000,The Police Department responded to the complaint and determined that police action was not necessary,Closed,120 STREET,,45893258,1031076,195338
102,,NYPD,New York City Police Department,3033660041,BROOKLYN,BROOKLYN,,04 BROOKLYN,Noise - Residential,2020-03-26T00:38:21.000,MADISON STREET,PUTNAM AVENUE,Banging/Pounding,,1140 BUSHWICK AVENUE,11221,MADISON STREET,PUTNAM AVENUE,BUSHWICK AVENUE,40.68935855806216,"{'type': 'Point', 'coordinates': [-73.91791221071408, 40.68935855806216]}",,,,Residential Building/House,,-73.91791221071408,MOBILE,BROOKLYN,Unspecified,,,In Progress,BUSHWICK AVENUE,,45895756,1007015,190439
103,,NYPD,New York City Police Department,4102007501,QUEENS,JAMAICA,2020-03-26T00:57:58.000,12 QUEENS,Noise - Residential,2020-03-26T00:39:06.000,169 STREET,MERRICK BOULEVARD,Loud Talking,,169-28 110 ROAD,11433,169 STREET,MERRICK BOULEVARD,110 ROAD,40.69487039565448,"{'type': 'Point', 'coordinates': [-73.78298740641576, 40.69487039565448]}",,,,Residential Building/House,,-73.78298740641576,ONLINE,QUEENS,Unspecified,2020-03-26T04:58:00.000,The Police Department responded to the complaint and with the information available observed no evid,Closed,110 ROAD,,45895740,1044428,192511
104,,NYPD,New York City Police Department,2049610039,BRONX,BRONX,,12 BRONX,Blocked Driveway,2020-03-26T00:39:13.000,EAST  233 STREET,STRANG AVENUE,No Access,,3977 AMUNDSON AVENUE,10466,EAST  233 STREET,STRANG AVENUE,AMUNDSON AVENUE,40.89078142628218,"{'type': 'Point', 'coordinates': [-73.83618769591253, 40.89078142628218]}",,,,,,-73.83618769591253,PHONE,BRONX,Unspecified,,,In Progress,AMUNDSON AVENUE,,45890887,1029542,263856
105,,NYPD,New York City Police Department,3050430001,BROOKLYN,BROOKLYN,,09 BROOKLYN,Noise - Residential,2020-03-26T00:39:51.000,BEDFORD AVENUE,ROGERS AVENUE,Loud Music/Party,,125 HAWTHORNE STREET,11225,BEDFORD AVENUE,ROGERS AVENUE,HAWTHORNE STREET,40.657509747663944,"{'type': 'Point', 'coordinates': [-73.9557770171064, 40.657509747663944]}",,,,Residential Building/House,,-73.9557770171064,MOBILE,BROOKLYN,Unspecified,,,In Progress,HAWTHORNE STREET,,45895389,996520,178828
106,,NYPD,New York City Police Department,2056067501,BRONX,BRONX,,10 BRONX,Noise - Residential,2020-03-26T00:40:19.000,SCHURZ AVENUE,HARDING AVENUE,Banging/Pounding,,180 DAVIS AVENUE,10465,SCHURZ AVENUE,HARDING AVENUE,DAVIS AVENUE,40.81326714107099,"{'type': 'Point', 'coordinates': [-73.82432686647437, 40.81326714107099]}",,,,Residential Building/House,,-73.82432686647437,ONLINE,BRONX,Unspecified,,,In Progress,DAVIS AVENUE,,45890903,1032878,235621
107,,NYPD,New York City Police Department,3058840037,BROOKLYN,BROOKLYN,2020-03-26T01:54:08.000,10 BROOKLYN,Noise - Residential,2020-03-26T00:42:53.000,MACKAY PLACE,71 STREET,Banging/Pounding,,7040 COLONIAL ROAD,11209,MACKAY PLACE,71 STREET,COLONIAL ROAD,40.6358465005666,"{'type': 'Point', 'coordinates': [-74.03189722618694, 40.6358465005666]}",,,,Residential Building/House,,-74.03189722618694,MOBILE,BROOKLYN,Unspecified,2020-03-26T05:54:12.000,The Police Department responded to the complaint and with the information available observed no evid,Closed,COLONIAL ROAD,,45893252,975397,170934
108,,NYPD,New York City Police Department,1008790027,MANHATTAN,NEW YORK,,06 MANHATTAN,Noise - Residential,2020-03-26T00:44:40.000,LEXINGTON AVENUE,3 AVENUE,Loud Music/Party,,145 EAST   23 STREET,10010,LEXINGTON AVENUE,3 AVENUE,EAST   23 STREET,40.739341420550296,"{'type': 'Point', 'coordinates': [-73.98432432194892, 40.739341420550296]}",,,,,,-73.98432432194892,PHONE,MANHATTAN,Unspecified,,,In Progress,EAST   23 STREET,,45894403,988594,208639
109,,NYPD,New York City Police Department,,BRONX,BRONX,,09 BRONX,Blocked Driveway,2020-03-26T00:45:00.000,CLOSE AVENUE,COLGATE AVENUE,No Access,,1445 WATSON AVENUE,10472,CLOSE AVENUE,COLGATE AVENUE,WATSON AVENUE,40.825576555432264,"{'type': 'Point', 'coordinates': [-73.88199818220055, 40.825576555432264]}",,,,Street/Sidewalk,,-73.88199818220055,ONLINE,BRONX,Unspecified,,,In Progress,WATSON AVENUE,,45895753,1016908,240079
110,,NYPD,New York City Police Department,5000370050,STATEN ISLAND,STATEN ISLAND,,01 STATEN ISLAND,Noise - Residential,2020-03-26T00:45:02.000,WESTERVELT AVENUE,BISMARK AVENUE,Loud Music/Party,,17 SCRIBNER AVENUE,10301,WESTERVELT AVENUE,BISMARK AVENUE,SCRIBNER AVENUE,40.638450798853384,"{'type': 'Point', 'coordinates': [-74.0825512213276, 40.638450798853384]}",,,,Residential Building/House,,-74.0825512213276,ONLINE,STATEN ISLAND,Unspecified,2020-03-26T05:54:27.000,Your complaint has been received by the Police Department and additional information will be availab,In Progress,SCRIBNER AVENUE,,45896305,961339,171892
111,,NYPD,New York City Police Department,2031570064,BRONX,BRONX,,05 BRONX,Noise - Residential,2020-03-26T00:45:32.000,EAST  181 STREET,EAST  182 STREET,Banging/Pounding,,2165 RYER AVENUE,10457,EAST  181 STREET,EAST  182 STREET,RYER AVENUE,40.85455863917999,"{'type': 'Point', 'coordinates': [-73.90015830400407, 40.85455863917999]}",,,,Residential Building/House,,-73.90015830400407,ONLINE,BRONX,Unspecified,,,In Progress,RYER AVENUE,,45895576,1011870,250632
112,,NYPD,New York City Police Department,3012690045,BROOKLYN,BROOKLYN,,09 BROOKLYN,Noise - Residential,2020-03-26T00:46:08.000,NOSTRAND AVENUE,NEW YORK AVENUE,Banging/Pounding,,1325 UNION STREET,11225,NOSTRAND AVENUE,NEW YORK AVENUE,UNION STREET,40.66883440348891,"{'type': 'Point', 'coordinates': [-73.94845543554169, 40.66883440348891]}",,,,Residential Building/House,,-73.94845543554169,PHONE,BROOKLYN,Unspecified,,,In Progress,UNION STREET,,45891591,998549,182955
113,,NYPD,New York City Police Department,4014337501,QUEENS,JACKSON HEIGHTS,,03 QUEENS,Noise - Residential,2020-03-26T00:47:22.000,85 STREET,86 STREET,Banging/Pounding,,85-11 34 AVENUE,11372,85 STREET,86 STREET,34 AVENUE,40.754054330698715,"{'type': 'Point', 'coordinates': [-73.88204186513639, 40.754054330698715]}",,,,Residential Building/House,,-73.88204186513639,ONLINE,QUEENS,Unspecified,,,In Progress,34 AVENUE,,45895384,1016931,214021
114,,NYPD,New York City Police Department,1019980017,MANHATTAN,NEW YORK,,09 MANHATTAN,Noise - Residential,2020-03-26T00:49:32.000,BROADWAY,12 AVENUE,Banging/Pounding,,622 WEST  132 STREET,10027,BROADWAY,12 AVENUE,WEST  132 STREET,40.818569660549635,"{'type': 'Point', 'coordinates': [-73.95743307410444, 40.818569660549635]}",,,,Residential Building/House,,-73.95743307410444,MOBILE,MANHATTAN,Unspecified,,,In Progress,WEST  132 STREET,,45890907,996032,237507
115,,NYPD,New York City Police Department,2055330016,BRONX,BRONX,,10 BRONX,Illegal Parking,2020-03-26T00:50:13.000,BARKLEY AVENUE,BRUCKNER BOULEVARD,Blocked Hydrant,,1055 CALHOUN AVENUE,10465,BARKLEY AVENUE,BRUCKNER BOULEVARD,CALHOUN AVENUE,40.83116427035102,"{'type': 'Point', 'coordinates': [-73.82900254682048, 40.83116427035102]}",,,,Street/Sidewalk,,-73.82900254682048,PHONE,BRONX,Unspecified,,,In Progress,CALHOUN AVENUE,,45892223,1031571,242139
116,,DOHMH,Department of Health and Mental Hygiene,3068180017,BROOKLYN,BROOKLYN,,15 BROOKLYN,Construction Lead Dust,2020-03-26T00:51:38.000,AVENUE R,AVENUE S,In Common Areas,,1820 EAST   13 STREET,11229,AVENUE R,AVENUE S,EAST   13 STREET,40.60491546087414,"{'type': 'Point', 'coordinates': [-73.95945638662872, 40.60491546087414]}",,,,3+ Family Apartment Building,,-73.95945638662872,ONLINE,BROOKLYN,Unspecified,,,In Progress,EAST   13 STREET,,45895468,995508,159666
117,,DOT,Department of Transportation,,QUEENS,,,Unspecified QUEENS,Street Condition,2020-03-26T00:54:32.000,150 PLACE,MURRAY LANE,"Rough, Pitted or Cracked Roads",,35 AVENUE,11354,150 PLACE,MURRAY LANE,,,,,,,Street,,,PHONE,QUEENS,Unspecified,,,In Progress,35 AVENUE,,45892193,,
118,,NYPD,New York City Police Department,2037490001,BRONX,BRONX,,09 BRONX,Noise - Residential,2020-03-26T00:55:56.000,GLEASON AVENUE,WESTCHESTER AVENUE,Loud Music/Party,,1210 CROES AVENUE,10472,GLEASON AVENUE,WESTCHESTER AVENUE,CROES AVENUE,40.829725427000035,"{'type': 'Point', 'coordinates': [-73.8706950639468, 40.829725427000035]}",,,,Residential Building/House,,-73.8706950639468,PHONE,BRONX,Unspecified,,,In Progress,CROES AVENUE,,45891106,1020034,241595
119,,NYPD,New York City Police Department,3067630043,BROOKLYN,BROOKLYN,2020-03-26T01:50:32.000,14 BROOKLYN,Illegal Parking,2020-03-26T00:56:22.000,AVENUE O,AVENUE P,Blocked Hydrant,,1600 EAST   17 STREET,11230,AVENUE O,AVENUE P,EAST   17 STREET,40.61117538046736,"{'type': 'Point', 'coordinates': [-73.95682337752959, 40.61117538046736]}",,,,Street/Sidewalk,,-73.95682337752959,MOBILE,BROOKLYN,Unspecified,2020-03-26T05:50:35.000,The Police Department responded to the complaint and determined that police action was not necessary,Closed,EAST   17 STREET,,45895507,996238,161947
120,,NYPD,New York City Police Department,,QUEENS,,2020-03-26T01:19:49.000,02 QUEENS,Noise - Vehicle,2020-03-26T00:56:25.000,42 STREET,SKILLMAN AVENUE,Car/Truck Music,,42 STREET,11104,42 STREET,SKILLMAN AVENUE,,40.74699844567,"{'type': 'Point', 'coordinates': [-73.92172447018866, 40.74699844567]}",,,,,,-73.92172447018866,PHONE,QUEENS,Unspecified,2020-03-26T05:19:54.000,The Police Department responded and upon arrival those responsible for the condition were gone.,Closed,42 STREET,,45895769,1005939,211438
121,,NYPD,New York City Police Department,4006330076,QUEENS,ASTORIA,2020-03-26T01:10:22.000,01 QUEENS,Noise - Residential,2020-03-26T00:56:57.000,ASTORIA BOULEVARD SOUTH,28 AVENUE,Loud Music/Party,,25-92 36 STREET,11103,ASTORIA BOULEVARD SOUTH,28 AVENUE,36 STREET,40.768835846532205,"{'type': 'Point', 'coordinates': [-73.91429793241085, 40.768835846532205]}",,,,Residential Building/House,,-73.91429793241085,PHONE,QUEENS,Unspecified,2020-03-26T05:10:25.000,The Police Department responded to the complaint and with the information available observed no evid,Closed,36 STREET,,45891333,1007989,219396
122,,NYPD,New York City Police Department,2046590062,BRONX,BRONX,,12 BRONX,Noise - Residential,2020-03-26T00:56:57.000,EAST GUN HILL ROAD,BARNES AVENUE,Loud Music/Party,,751 TILDEN STREET,10467,EAST GUN HILL ROAD,BARNES AVENUE,TILDEN STREET,40.87685424335351,"{'type': 'Point', 'coordinates': [-73.86310372490237, 40.87685424335351]}",,,,,,-73.86310372490237,PHONE,BRONX,Unspecified,,,In Progress,TILDEN STREET,,45891111,1022108,258769
123,,DOHMH,Department of Health and Mental Hygiene,1010070051,MANHATTAN,NEW YORK,,05 MANHATTAN,Rodent,2020-03-26T00:59:37.000,AVENUE OF THE AMERICAS,6 1/2 AVENUE,Mouse Sighting,,140 WEST   55 STREET,10019,AVENUE OF THE AMERICAS,6 1/2 AVENUE,WEST   55 STREET,40.76362894692173,"{'type': 'Point', 'coordinates': [-73.97959324991847, 40.76362894692173]}",,,,Other (Explain Below),,-73.97959324991847,ONLINE,MANHATTAN,Unspecified,,,In Progress,WEST   55 STREET,,45891060,989903,217488
124,,NYPD,New York City Police Department,4012660038,QUEENS,JACKSON HEIGHTS,,03 QUEENS,Noise - Residential,2020-03-26T01:00:06.000,79 STREET,80 STREET,Banging/Pounding,,79-01 35 AVENUE,11372,79 STREET,80 STREET,35 AVENUE,40.75151524609607,"{'type': 'Point', 'coordinates': [-73.88733390372059, 40.75151524609607]}",,,,,,-73.88733390372059,PHONE,QUEENS,Unspecified,,,In Progress,35 AVENUE,,45892234,1015466,213094
125,,NYPD,New York City Police Department,4108210001,QUEENS,HOLLIS,2020-03-26T01:33:26.000,12 QUEENS,Noise - Residential,2020-03-26T01:00:12.000,JAMAICA AVENUE,WOODHULL AVENUE,Loud Television,,91-61 193 STREET,11423,JAMAICA AVENUE,WOODHULL AVENUE,193 STREET,40.71183182753478,"{'type': 'Point', 'coordinates': [-73.76689499988953, 40.71183182753478]}",,,,Residential Building/House,,-73.76689499988953,PHONE,QUEENS,Unspecified,2020-03-26T05:33:27.000,The Police Department responded to the complaint but officers were unable to gain entry into the pre,Closed,193 STREET,,45894846,1048874,198702
126,,NYPD,New York City Police Department,4092650006,QUEENS,KEW GARDENS,2020-03-26T01:07:04.000,09 QUEENS,Noise - Residential,2020-03-26T01:00:21.000,85 AVENUE,HILLSIDE AVENUE,Loud Music/Party,,85-10 120 STREET,11415,85 AVENUE,HILLSIDE AVENUE,120 STREET,40.702710556333656,"{'type': 'Point', 'coordinates': [-73.83111730711053, 40.702710556333656]}",,,,Residential Building/House,,-73.83111730711053,ONLINE,QUEENS,Unspecified,2020-03-26T05:07:08.000,The Police Department responded to the complaint and determined that police action was not necessary,Closed,120 STREET,,45896099,1031076,195338
127,,NYPD,New York City Police Department,2031570064,BRONX,BRONX,,05 BRONX,Noise - Residential,2020-03-26T01:00:32.000,EAST  181 STREET,EAST  182 STREET,Banging/Pounding,,2165 RYER AVENUE,10457,EAST  181 STREET,EAST  182 STREET,RYER AVENUE,40.85455863917999,"{'type': 'Point', 'coordinates': [-73.90015830400407, 40.85455863917999]}",,,,Residential Building/House,,-73.90015830400407,PHONE,BRONX,Unspecified,,,In Progress,RYER AVENUE,,45890902,1011870,250632
128,,NYPD,New York City Police Department,1015620021,MANHATTAN,NEW YORK,2020-03-26T02:00:41.000,08 MANHATTAN,Noise - Commercial,2020-03-26T01:02:28.000,EAST   82 STREET,EAST   83 STREET,Banging/Pounding,,1549 YORK AVENUE,10028,EAST   82 STREET,EAST   83 STREET,YORK AVENUE,40.77344012701842,"{'type': 'Point', 'coordinates': [-73.94895213830935, 40.77344012701842]}",,,,Store/Commercial,,-73.94895213830935,MOBILE,MANHATTAN,Unspecified,2020-03-26T02:00:00.000,The Police Department responded and upon arrival those responsible for the condition were gone.,Closed,YORK AVENUE,,45893247,998389,221066
129,,NYPD,New York City Police Department,4117750200,QUEENS,SOUTH OZONE PARK,,10 QUEENS,Blocked Driveway,2020-03-26T01:02:36.000,SUTTER AVENUE,130 AVENUE,No Access,,129-35 135 PLACE,11420,SUTTER AVENUE,130 AVENUE,135 PLACE,40.67189906933338,"{'type': 'Point', 'coordinates': [-73.80265861768203, 40.67189906933338]}",,,,Street/Sidewalk,,-73.80265861768203,MOBILE,QUEENS,Unspecified,,,In Progress,135 PLACE,,45891556,1038992,184129
130,,NYPD,New York City Police Department,3032780008,BROOKLYN,BROOKLYN,,04 BROOKLYN,Noise - Residential,2020-03-26T01:04:28.000,HIMROD STREET,HARMAN STREET,Loud Music/Party,,1381 MYRTLE AVENUE,11237,HIMROD STREET,HARMAN STREET,MYRTLE AVENUE,40.698514690483854,"{'type': 'Point', 'coordinates': [-73.92124043861729, 40.698514690483854]}",,,,Residential Building/House,,-73.92124043861729,PHONE,BROOKLYN,Unspecified,,,In Progress,MYRTLE AVENUE,,45892323,1006089,193774
131,,NYPD,New York City Police Department,4098180049,QUEENS,JAMAICA,2020-03-26T01:29:51.000,12 QUEENS,Noise - Residential,2020-03-26T01:04:45.000,MERRICK BOULEVARD,168 STREET,Loud Music/Party,,166-05 88 AVENUE,11432,MERRICK BOULEVARD,168 STREET,88 AVENUE,40.70885075214852,"{'type': 'Point', 'coordinates': [-73.79565275343603, 40.70885075214852]}",,,,Residential Building/House,,-73.79565275343603,ONLINE,QUEENS,Unspecified,2020-03-26T05:29:55.000,The Police Department responded to the complaint but officers were unable to gain entry into the pre,Closed,88 AVENUE,,45892170,1040904,197596
132,,NYPD,New York City Police Department,4157530072,QUEENS,FAR ROCKAWAY,2020-03-26T01:54:53.000,14 QUEENS,Noise - Residential,2020-03-26T01:05:14.000,GRASSMERE TERRACE,MCBRIDE STREET,Loud Music/Party,,23-11 CORNAGA AVENUE,11691,GRASSMERE TERRACE,MCBRIDE STREET,CORNAGA AVENUE,40.6022223125606,"{'type': 'Point', 'coordinates': [-73.75804785576977, 40.6022223125606]}",,,,Residential Building/House,,-73.75804785576977,ONLINE,QUEENS,Unspecified,2020-03-26T05:54:56.000,The Police Department responded to the complaint and took action to fix the condition.,Closed,CORNAGA AVENUE,,45891865,1051437,158775
133,,NYPD,New York City Police Department,2037430001,BRONX,BRONX,,09 BRONX,Noise - Residential,2020-03-26T01:05:32.000,WATSON AVENUE,WESTCHESTER AVENUE,Banging/Pounding,,1105 STRATFORD AVENUE,10472,WATSON AVENUE,WESTCHESTER AVENUE,STRATFORD AVENUE,40.82672463462644,"{'type': 'Point', 'coordinates': [-73.87493209797937, 40.82672463462644]}",,,,Residential Building/House,,-73.87493209797937,PHONE,BRONX,Unspecified,,,In Progress,STRATFORD AVENUE,,45895951,1018863,240500
134,,NYPD,New York City Police Department,4158370012,QUEENS,FAR ROCKAWAY,,14 QUEENS,Noise - Residential,2020-03-26T01:07:05.000,ROCKAWAY BEACH BOULEVARD,BEACH CHANNEL DRIVE,Banging/Pounding,,316 BEACH   46 STREET,11691,ROCKAWAY BEACH BOULEVARD,BEACH CHANNEL DRIVE,BEACH   46 STREET,40.5941446728222,"{'type': 'Point', 'coordinates': [-73.77721509734118, 40.5941446728222]}",,,,Residential Building/House,,-73.77721509734118,MOBILE,QUEENS,Unspecified,,,In Progress,BEACH   46 STREET,,45895097,1046122,155818
135,,NYPD,New York City Police Department,3066060021,BROOKLYN,BROOKLYN,,11 BROOKLYN,Noise - Residential,2020-03-26T01:07:38.000,WEST    1 STREET,DAHILL ROAD,Loud Music/Party,,357 AVENUE P,11204,WEST    1 STREET,DAHILL ROAD,AVENUE P,40.608660935889205,"{'type': 'Point', 'coordinates': [-73.97448324654154, 40.608660935889205]}",,,,Residential Building/House,,-73.97448324654154,ONLINE,BROOKLYN,Unspecified,,,In Progress,AVENUE P,,45895388,991335,161029
136,,NYPD,New York City Police Department,3055450074,BROOKLYN,BROOKLYN,,11 BROOKLYN,Noise - Residential,2020-03-26T01:08:05.000,16 AVENUE,17 AVENUE,Banging/Pounding,,1621 65 STREET,11204,16 AVENUE,17 AVENUE,65 STREET,40.621566894707655,"{'type': 'Point', 'coordinates': [-73.9941968330714, 40.621566894707655]}",,,,,,-73.9941968330714,PHONE,BROOKLYN,Unspecified,,,In Progress,65 STREET,,45891715,985861,165730
137,,NYPD,New York City Police Department,1021150021,MANHATTAN,NEW YORK,,12 MANHATTAN,Noise - Residential,2020-03-26T01:09:27.000,AMSTERDAM AVENUE,BROADWAY,Loud Music/Party,,522 WEST  157 STREET,10032,AMSTERDAM AVENUE,BROADWAY,WEST  157 STREET,40.833286114600114,"{'type': 'Point', 'coordinates': [-73.94305929128691, 40.833286114600114]}",,,,Residential Building/House,,-73.94305929128691,MOBILE,MANHATTAN,Unspecified,,,In Progress,WEST  157 STREET,,45895106,1000007,242871
138,,NYPD,New York City Police Department,3064850003,BROOKLYN,BROOKLYN,,11 BROOKLYN,Illegal Parking,2020-03-26T01:13:43.000,15 AVENUE,BAY   10 STREET,Blocked Hydrant,,1521 INDEPENDENCE AVENUE,11228,15 AVENUE,BAY   10 STREET,INDEPENDENCE AVENUE,40.60400468250968,"{'type': 'Point', 'coordinates': [-74.01638216164007, 40.60400468250968]}",,,,Street/Sidewalk,,-74.01638216164007,ONLINE,BROOKLYN,Unspecified,,,In Progress,INDEPENDENCE AVENUE,,45891562,979701,159332
139,,NYPD,New York City Police Department,4089420068,QUEENS,WOODHAVEN,,09 QUEENS,Noise - Residential,2020-03-26T01:16:17.000,ELDERT LANE,75 STREET,Loud Music/Party,,74-10 91 AVENUE,11421,ELDERT LANE,75 STREET,91 AVENUE,40.68540159987786,"{'type': 'Point', 'coordinates': [-73.86629116666316, 40.68540159987786]}",,,,Residential Building/House,,-73.86629116666316,PHONE,QUEENS,Unspecified,2020-03-26T05:46:14.000,Your complaint has been received by the Police Department and additional information will be availab,In Progress,91 AVENUE,,45893309,1021333,189015
140,,NYPD,New York City Police Department,,MANHATTAN,,,07 MANHATTAN,Illegal Parking,2020-03-26T01:17:19.000,CENTRAL PARK WEST,WEST  101 STREET,Blocked Sidewalk,,WEST  101 STREET,10025,CENTRAL PARK WEST,WEST  101 STREET,,40.79485146729844,"{'type': 'Point', 'coordinates': [-73.96236000334117, 40.79485146729844]}",,,,Street/Sidewalk,,-73.96236000334117,MOBILE,MANHATTAN,Unspecified,,,In Progress,WEST  101 STREET,,45893342,994672,228865
141,,NYPD,New York City Police Department,,QUEENS,WHITESTONE,,07 QUEENS,Noise - Vehicle,2020-03-26T01:17:22.000,152 STREET,154 STREET,Car/Truck Music,,152-25 10 AVENUE,11357,152 STREET,154 STREET,10 AVENUE,40.79346435202512,"{'type': 'Point', 'coordinates': [-73.8090734871628, 40.79346435202512]}",,,,Street/Sidewalk,,-73.8090734871628,ONLINE,QUEENS,Unspecified,,,In Progress,10 AVENUE,,45892819,1037116,228415
142,,NYPD,New York City Police Department,1016490001,MANHATTAN,NEW YORK,2020-03-26T01:40:50.000,11 MANHATTAN,Noise - Residential,2020-03-26T01:17:36.000,EAST  100 STREET,EAST  101 STREET,Loud Music/Party,,1809 THIRD AVENUE,10029,EAST  100 STREET,EAST  101 STREET,3 AVENUE,40.78795628932217,"{'type': 'Point', 'coordinates': [-73.9472979046361, 40.78795628932217]}",,,,Residential Building/House,,-73.9472979046361,MOBILE,MANHATTAN,Unspecified,2020-03-26T05:40:53.000,The Police Department responded to the complaint and determined that police action was not necessary,Closed,THIRD AVENUE,,45891334,998844,226355
143,,DCA,Department of Consumer Affairs,4096490025,QUEENS,JAMAICA,,08 QUEENS,Consumer Complaint,2020-03-26T01:17:51.000,84 DRIVE,86 AVENUE,Retail Store,,138-37 QUEENS BOULEVARD,11435,84 DRIVE,86 AVENUE,QUEENS BOULEVARD,40.708114131417034,"{'type': 'Point', 'coordinates': [-73.81793843847682, 40.708114131417034]}",,,,Commercial Building,,-73.81793843847682,ONLINE,QUEENS,Unspecified,,,In Progress,QUEENS BOULEVARD,,45894701,1034726,197314
144,,NYPD,New York City Police Department,2045090047,BRONX,BRONX,,11 BRONX,Noise - Residential,2020-03-26T01:19:58.000,ALLERTON AVENUE,ARNOW AVENUE,Loud Music/Party,,2745 CRUGER AVENUE,10467,ALLERTON AVENUE,ARNOW AVENUE,CRUGER AVENUE,40.86618938746139,"{'type': 'Point', 'coordinates': [-73.86632898516298, 40.86618938746139]}",,,,Residential Building/House,,-73.86632898516298,PHONE,BRONX,Unspecified,,,In Progress,CRUGER AVENUE,,45892823,1021222,254882
145,,NYPD,New York City Police Department,2025090006,BRONX,BRONX,,04 BRONX,Noise - Residential,2020-03-26T01:20:17.000,WEST  165 STREET,WEST  166 STREET,Loud Music/Party,,1072 WOODYCREST AVENUE,10452,WEST  165 STREET,WEST  166 STREET,WOODYCREST AVENUE,40.83428145089379,"{'type': 'Point', 'coordinates': [-73.92671353039653, 40.83428145089379]}",,,,Residential Building/House,,-73.92671353039653,MOBILE,BRONX,Unspecified,,,In Progress,WOODYCREST AVENUE,,45892169,1004530,243237
146,,NYPD,New York City Police Department,4082867504,QUEENS,LITTLE NECK,,11 QUEENS,Noise - Residential,2020-03-26T01:21:37.000,69 AVENUE,70 AVENUE,Loud Music/Party,,69-05 242 STREET,11362,69 AVENUE,70 AVENUE,242 STREET,40.750303025947964,"{'type': 'Point', 'coordinates': [-73.73659838310749, 40.750303025947964]}",,,,Residential Building/House,,-73.73659838310749,ONLINE,QUEENS,Unspecified,,,In Progress,242 STREET,,45892815,1057231,212742
147,,NYPD,New York City Police Department,1020770031,MANHATTAN,NEW YORK,,09 MANHATTAN,Noise - Residential,2020-03-26T01:22:16.000,WEST  145 STREET,WEST  146 STREET,Banging/Pounding,,1724 AMSTERDAM AVENUE,10031,WEST  145 STREET,WEST  146 STREET,AMSTERDAM AVENUE,40.82545478700589,"{'type': 'Point', 'coordinates': [-73.94745609412247, 40.82545478700589]}",,,,Residential Building/House,,-73.94745609412247,ONLINE,MANHATTAN,Unspecified,,,In Progress,AMSTERDAM AVENUE,,45891565,998792,240017
148,,NYPD,New York City Police Department,3036420020,BROOKLYN,BROOKLYN,,16 BROOKLYN,Illegal Parking,2020-03-26T01:24:31.000,LINDEN BOULEVARD,DITMAS AVENUE,Double Parked Blocking Traffic,,689 BRISTOL STREET,11236,LINDEN BOULEVARD,DITMAS AVENUE,BRISTOL STREET,40.65376822956101,"{'type': 'Point', 'coordinates': [-73.90858211664923, 40.65376822956101]}",,,,Street/Sidewalk,,-73.90858211664923,PHONE,BROOKLYN,Unspecified,,,In Progress,BRISTOL STREET,,45894609,1009616,177475
149,,NYPD,New York City Police Department,2033600062,BRONX,BRONX,,12 BRONX,Noise - Residential,2020-03-26T01:24:48.000,EAST GUN HILL ROAD,EAST  233 STREET,Loud Music/Party,,3556 WEBSTER AVENUE,10467,EAST GUN HILL ROAD,EAST  233 STREET,WEBSTER AVENUE,40.880733022106995,"{'type': 'Point', 'coordinates': [-73.87070073268308, 40.880733022106995]}",,,,Residential Building/House,,-73.87070073268308,ONLINE,BRONX,Unspecified,,,In Progress,WEBSTER AVENUE,,45891102,1020005,260179
150,,DCA,Department of Consumer Affairs,3040710031,BROOKLYN,BROOKLYN,,05 BROOKLYN,Consumer Complaint,2020-03-26T01:24:52.000,ATKINS AVENUE,MONTAUK AVENUE,Retail Store,,1108 BLAKE AVENUE,11208,ATKINS AVENUE,MONTAUK AVENUE,BLAKE AVENUE,40.670432729996016,"{'type': 'Point', 'coordinates': [-73.877164585093, 40.670432729996016]}",,,,Commercial Building,,-73.877164585093,ONLINE,BROOKLYN,Unspecified,,,In Progress,BLAKE AVENUE,,45894700,1018325,183557
151,,NYPD,New York City Police Department,3066000054,BROOKLYN,BROOKLYN,,11 BROOKLYN,Noise - Street/Sidewalk,2020-03-26T01:24:53.000,WEST    7 STREET,WEST    6 STREET,Loud Talking,,201 AVENUE P,11204,WEST    7 STREET,WEST    6 STREET,AVENUE P,40.60799239232493,"{'type': 'Point', 'coordinates': [-73.9805483973869, 40.60799239232493]}",,,,Street/Sidewalk,,-73.9805483973869,MOBILE,BROOKLYN,Unspecified,,,In Progress,AVENUE P,,45893351,989651,160785
152,,NYPD,New York City Police Department,1019330001,MANHATTAN,NEW YORK,,10 MANHATTAN,Noise - Residential,2020-03-26T01:25:03.000,ADAM CLAYTON POWELL JR BOULEVARD,FREDERICK DOUGLASS BOULEVARD,Loud Music/Party,,217 WEST  127 STREET,10027,ADAM CLAYTON POWELL JR BOULEVARD,FREDERICK DOUGLASS BOULEVARD,WEST  127 STREET,40.81054570887252,"{'type': 'Point', 'coordinates': [-73.94798083124056, 40.81054570887252]}",,,,,,-73.94798083124056,PHONE,MANHATTAN,Unspecified,,,In Progress,WEST  127 STREET,,45893329,998650,234585
153,,NYPD,New York City Police Department,3001497501,BROOKLYN,BROOKLYN,,02 BROOKLYN,Noise - Residential,2020-03-26T01:26:19.000,BOND STREET,UNIVERSITY PLAZA,Loud Music/Party,,7 DEKALB AVENUE,11201,BOND STREET,UNIVERSITY PLAZA,DEKALB AVENUE,40.68998211503051,"{'type': 'Point', 'coordinates': [-73.98246806465372, 40.68998211503051]}",,,,Residential Building/House,,-73.98246806465372,ONLINE,BROOKLYN,Unspecified,,,In Progress,DEKALB AVENUE,,45892320,989112,190656
154,,NYPD,New York City Police Department,2033430204,BRONX,BRONX,,07 BRONX,Noise - Residential,2020-03-26T01:27:31.000,TRYON AVENUE,KINGS COLLEGE PLACE,Loud Music/Party,,250 EAST GUN HILL ROAD,10467,TRYON AVENUE,KINGS COLLEGE PLACE,EAST GUN HILL ROAD,40.87991826767398,"{'type': 'Point', 'coordinates': [-73.87608686147225, 40.87991826767398]}",,,,Residential Building/House,,-73.87608686147225,ONLINE,BRONX,Unspecified,,,In Progress,EAST GUN HILL ROAD,,45891573,1018516,259880
155,,NYPD,New York City Police Department,3002260035,BROOKLYN,BROOKLYN,,02 BROOKLYN,Noise - Vehicle,2020-03-26T01:28:50.000,HICKS STREET,HENRY STREET,Engine Idling,,59 PINEAPPLE STREET,11201,HICKS STREET,HENRY STREET,PINEAPPLE STREET,40.69833559858716,"{'type': 'Point', 'coordinates': [-73.99352658024652, 40.69833559858716]}",,,,Street/Sidewalk,,-73.99352658024652,MOBILE,BROOKLYN,Unspecified,,,In Progress,PINEAPPLE STREET,,45893352,986045,193699
156,,NYPD,New York City Police Department,4110740075,QUEENS,SAINT ALBANS,,12 QUEENS,Noise - Vehicle,2020-03-26T01:28:51.000,116 AVENUE,LINDEN BOULEVARD,Engine Idling,,116-36 203 STREET,11412,116 AVENUE,LINDEN BOULEVARD,203 STREET,40.69606587825701,"{'type': 'Point', 'coordinates': [-73.7499141839434, 40.69606587825701]}",,,,Street/Sidewalk,,-73.7499141839434,PHONE,QUEENS,Unspecified,,,In Progress,203 STREET,,45893834,1053598,192971
157,,NYPD,New York City Police Department,3002260001,BROOKLYN,BROOKLYN,,02 BROOKLYN,Noise - Vehicle,2020-03-26T01:31:30.000,HICKS STREET,HENRY STREET,Engine Idling,,55 PINEAPPLE STREET,11201,HICKS STREET,HENRY STREET,PINEAPPLE STREET,40.69837128798451,"{'type': 'Point', 'coordinates': [-73.99366001224611, 40.69837128798451]}",,,,Street/Sidewalk,,-73.99366001224611,MOBILE,BROOKLYN,Unspecified,,,In Progress,PINEAPPLE STREET,,45890951,986008,193712
158,,DCA,Department of Consumer Affairs,,BROOKLYN,,,05 BROOKLYN,Consumer Complaint,2020-03-26T01:32:23.000,STANLEY AVENUE,VAN SICLEN AVENUE,Retail Store,,STANLEY AVENUE,11207,STANLEY AVENUE,VAN SICLEN AVENUE,,40.65906054957729,"{'type': 'Point', 'coordinates': [-73.8845814301147, 40.65906054957729]}",,,,,,-73.8845814301147,PHONE,BROOKLYN,Unspecified,,,In Progress,STANLEY AVENUE,,45895810,1016273,179411
159,,NYPD,New York City Police Department,5000370050,STATEN ISLAND,STATEN ISLAND,,01 STATEN ISLAND,Noise - Residential,2020-03-26T01:32:56.000,WESTERVELT AVENUE,BISMARK AVENUE,Loud Music/Party,,17 SCRIBNER AVENUE,10301,WESTERVELT AVENUE,BISMARK AVENUE,SCRIBNER AVENUE,40.638450798853384,"{'type': 'Point', 'coordinates': [-74.0825512213276, 40.638450798853384]}",,,,Residential Building/House,,-74.0825512213276,ONLINE,STATEN ISLAND,Unspecified,2020-03-26T05:57:12.000,Your complaint has been received by the Police Department and additional information will be availab,In Progress,SCRIBNER AVENUE,,45892854,961339,171892
160,,NYPD,New York City Police Department,,MANHATTAN,NEW YORK,,11 MANHATTAN,Noise - Commercial,2020-03-26T01:33:56.000,LEXINGTON AVENUE,3 AVENUE,Car/Truck Horn,,173 EAST  115 STREET,10029,LEXINGTON AVENUE,3 AVENUE,EAST  115 STREET,40.79760111620877,"{'type': 'Point', 'coordinates': [-73.94129477996957, 40.79760111620877]}",,,,Store/Commercial,,-73.94129477996957,MOBILE,MANHATTAN,Unspecified,,,In Progress,EAST  115 STREET,,45892312,1000504,229870
161,,DCA,Department of Consumer Affairs,3059960039,BROOKLYN,BROOKLYN,,10 BROOKLYN,Consumer Complaint,2020-03-26T01:34:01.000,81 STREET,82 STREET,Retail Store,,8102 3 AVENUE,11209,81 STREET,82 STREET,3 AVENUE,40.62698418343172,"{'type': 'Point', 'coordinates': [-74.02963421896698, 40.62698418343172]}",,,,Commercial Building,,-74.02963421896698,ONLINE,BROOKLYN,Unspecified,,,In Progress,3 AVENUE,,45891033,976024,167705
162,,NYPD,New York City Police Department,3002260001,BROOKLYN,BROOKLYN,,02 BROOKLYN,Noise - Vehicle,2020-03-26T01:34:11.000,HICKS STREET,HENRY STREET,Engine Idling,,55 PINEAPPLE STREET,11201,HICKS STREET,HENRY STREET,PINEAPPLE STREET,40.69837128798451,"{'type': 'Point', 'coordinates': [-73.99366001224611, 40.69837128798451]}",,,,Street/Sidewalk,,-73.99366001224611,MOBILE,BROOKLYN,Unspecified,,,In Progress,PINEAPPLE STREET,,45892857,986008,193712
163,,NYPD,New York City Police Department,2032190200,BRONX,BRONX,,07 BRONX,Noise - Residential,2020-03-26T01:35:00.000,WEST  188 STREET,WEST  190 STREET,Loud Music/Party,,2475 UNIVERSITY AVENUE,10468,WEST  188 STREET,WEST  190 STREET,UNIVERSITY AVENUE,40.8647444855178,"{'type': 'Point', 'coordinates': [-73.90369332296922, 40.8647444855178]}",,,,Residential Building/House,,-73.90369332296922,ONLINE,BRONX,Unspecified,,,In Progress,UNIVERSITY AVENUE,,45890923,1010888,254342
164,,NYPD,New York City Police Department,1021680001,MANHATTAN,NEW YORK,,12 MANHATTAN,Noise - Residential,2020-03-26T01:35:45.000,WEST  187 STREET,WEST  188 STREET,Banging/Pounding,,281 WADSWORTH AVENUE,10040,WEST  187 STREET,WEST  188 STREET,WADSWORTH AVENUE,40.853720032118034,"{'type': 'Point', 'coordinates': [-73.9321142942917, 40.853720032118034]}",,,,Residential Building/House,,-73.9321142942917,MOBILE,MANHATTAN,Unspecified,,,In Progress,WADSWORTH AVENUE,,45893346,1003030,250318
165,,NYPD,New York City Police Department,1021700353,MANHATTAN,NEW YORK,,12 MANHATTAN,Noise - Residential,2020-03-26T01:36:06.000,WEST  190 STREET,FAIRVIEW AVENUE,Banging/Pounding,,82 WADSWORTH TERRACE,10040,WEST  190 STREET,FAIRVIEW AVENUE,WADSWORTH TERRACE,40.85700996830241,"{'type': 'Point', 'coordinates': [-73.93049866103757, 40.85700996830241]}",,,,Residential Building/House,,-73.93049866103757,MOBILE,MANHATTAN,Unspecified,,,In Progress,WADSWORTH TERRACE,,45893815,1003476,251517
166,,NYPD,New York City Police Department,4090640017,QUEENS,OZONE PARK,,09 QUEENS,Noise - Residential,2020-03-26T01:37:41.000,97 AVENUE,101 AVENUE,Loud Music/Party,,97-22 91 STREET,11416,97 AVENUE,101 AVENUE,91 STREET,40.684714703974414,"{'type': 'Point', 'coordinates': [-73.85012850443445, 40.684714703974414]}",,,,Residential Building/House,,-73.85012850443445,ONLINE,QUEENS,Unspecified,2020-03-26T05:47:23.000,Your complaint has been received by the Police Department and additional information will be availab,In Progress,91 STREET,,45890918,1025816,188772
167,,NYPD,New York City Police Department,3072950040,BROOKLYN,BROOKLYN,,15 BROOKLYN,Illegal Parking,2020-03-26T01:39:14.000,AVENUE S,AVENUE T,Blocked Hydrant,,1982 EAST   17 STREET,11229,AVENUE S,AVENUE T,EAST   17 STREET,40.60192749167116,"{'type': 'Point', 'coordinates': [-73.95507199433914, 40.60192749167116]}",,,,Street/Sidewalk,,-73.95507199433914,ONLINE,BROOKLYN,Unspecified,,,In Progress,EAST   17 STREET,,45892843,996726,158578
168,,NYPD,New York City Police Department,2024390034,BRONX,BRONX,,04 BRONX,Noise - Residential,2020-03-26T01:39:59.000,EAST  168 STREET,EAST  169 STREET,Loud Music/Party,,1250 MORRIS AVENUE,10456,EAST  168 STREET,EAST  169 STREET,MORRIS AVENUE,40.83458779400002,"{'type': 'Point', 'coordinates': [-73.91330618427045, 40.83458779400002]}",,,,,,-73.91330618427045,PHONE,BRONX,Unspecified,,,In Progress,MORRIS AVENUE,,45892324,1008240,243352
169,,NYPD,New York City Police Department,4098080014,QUEENS,JAMAICA,,12 QUEENS,Noise - Residential,2020-03-26T01:43:31.000,91 AVENUE,JAMAICA AVENUE,Banging/Pounding,,91-17 172 STREET,11432,91 AVENUE,JAMAICA AVENUE,172 STREET,40.70832108915434,"{'type': 'Point', 'coordinates': [-73.78810510952123, 40.70832108915434]}",,,,Residential Building/House,,-73.78810510952123,MOBILE,QUEENS,Unspecified,,,In Progress,172 STREET,,45891101,1042997,197408
170,,NYPD,New York City Police Department,3064970008,BROOKLYN,BROOKLYN,,14 BROOKLYN,Noise - Residential,2020-03-26T01:43:35.000,EAST    8 STREET,EAST   10 STREET,Banging/Pounding,,920 FOSTER AVENUE,11230,EAST    8 STREET,EAST   10 STREET,FOSTER AVENUE,40.63176218935932,"{'type': 'Point', 'coordinates': [-73.96786334071005, 40.63176218935932]}",,,,Residential Building/House,,-73.96786334071005,ONLINE,BROOKLYN,Unspecified,,,In Progress,FOSTER AVENUE,,45890912,993170,169446
171,,NYPD,New York City Police Department,1018360001,MANHATTAN,NEW YORK,,07 MANHATTAN,Noise - Residential,2020-03-26T01:43:50.000,WEST  103 STREET,WEST  104 STREET,Banging/Pounding,,875 COLUMBUS AVENUE,10025,WEST  103 STREET,WEST  104 STREET,COLUMBUS AVENUE,40.79734153843309,"{'type': 'Point', 'coordinates': [-73.96425113973666, 40.79734153843309]}",,,,Residential Building/House,,-73.96425113973666,PHONE,MANHATTAN,Unspecified,,,In Progress,COLUMBUS AVENUE,,45891593,994148,229772
172,,NYPD,New York City Police Department,1021610009,MANHATTAN,NEW YORK,,12 MANHATTAN,Noise - Residential,2020-03-26T01:46:47.000,AUDUBON AVENUE,ST NICHOLAS AVENUE,Loud Music/Party,,573 WEST  191 STREET,10040,AUDUBON AVENUE,ST NICHOLAS AVENUE,WEST  191 STREET,40.85537028371638,"{'type': 'Point', 'coordinates': [-73.92870016530128, 40.85537028371638]}",,,,Residential Building/House,,-73.92870016530128,PHONE,MANHATTAN,Unspecified,,,In Progress,WEST  191 STREET,,45894633,1003974,250920
173,,NYPD,New York City Police Department,3033570038,BROOKLYN,BROOKLYN,,04 BROOKLYN,Noise - Residential,2020-03-26T01:53:32.000,WOODBINE STREET,MADISON STREET,Loud Talking,,1114 BUSHWICK AVENUE,11221,WOODBINE STREET,MADISON STREET,BUSHWICK AVENUE,40.68981475790787,"{'type': 'Point', 'coordinates': [-73.91871215947857, 40.68981475790787]}",,,,Residential Building/House,,-73.91871215947857,ONLINE,BROOKLYN,Unspecified,,,In Progress,BUSHWICK AVENUE,,45893330,1006793,190605
174,,NYPD,New York City Police Department,3049490023,BROOKLYN,BROOKLYN,,17 BROOKLYN,Noise - Vehicle,2020-03-26T01:54:51.000,CLARENDON ROAD,AVENUE D,Car/Truck Music,,1246 NEW YORK AVENUE,11203,CLARENDON ROAD,AVENUE D,NEW YORK AVENUE,40.642494251129676,"{'type': 'Point', 'coordinates': [-73.94578408457107, 40.642494251129676]}",,,,Street/Sidewalk,,-73.94578408457107,PHONE,BROOKLYN,Unspecified,,,In Progress,NEW YORK AVENUE,,45894362,999296,173359
175,,NYPD,New York City Police Department,2047120001,BRONX,BRONX,,12 BRONX,Noise - Residential,2020-03-26T01:58:58.000,EAST  214 STREET,EAST  215 STREET,Loud Television,,3442 WILSON AVENUE,10469,EAST  214 STREET,EAST  215 STREET,WILSON AVENUE,40.87604889426015,"{'type': 'Point', 'coordinates': [-73.85108939612485, 40.87604889426015]}",,,,Residential Building/House,,-73.85108939612485,PHONE,BRONX,Unspecified,,,In Progress,WILSON AVENUE,,45891603,1025431,258481
176,,NYPD,New York City Police Department,2029540029,BRONX,BRONX,,06 BRONX,Noise - Residential,2020-03-26T01:59:27.000,PROSPECT AVENUE,MARMION AVENUE,Loud Music/Party,,806 FAIRMOUNT PLACE,10460,PROSPECT AVENUE,MARMION AVENUE,FAIRMOUNT PLACE,40.84255933757606,"{'type': 'Point', 'coordinates': [-73.88876633698771, 40.84255933757606]}",,,,,,-73.88876633698771,PHONE,BRONX,Unspecified,,,In Progress,FAIRMOUNT PLACE,,45893872,1015027,246264
177,,NYPD,New York City Police Department,1018210055,MANHATTAN,NEW YORK,,10 MANHATTAN,Noise - Street/Sidewalk,2020-03-26T02:01:03.000,ST NICHOLAS AVENUE,ADAM CLAYTON POWELL JR BOULEVARD,Loud Music/Party,,132 WEST  112 STREET,10026,ST NICHOLAS AVENUE,ADAM CLAYTON POWELL JR BOULEVARD,WEST  112 STREET,40.80016192275729,"{'type': 'Point', 'coordinates': [-73.9532406180199, 40.80016192275729]}",,,,Street/Sidewalk,,-73.9532406180199,ONLINE,MANHATTAN,Unspecified,,,In Progress,WEST  112 STREET,,45891604,997196,230801
178,,NYPD,New York City Police Department,3050820079,BROOKLYN,BROOKLYN,,14 BROOKLYN,Noise - Residential,2020-03-26T02:01:28.000,CATON AVENUE,CHURCH AVENUE,Banging/Pounding,,115 EAST   21 STREET,11226,CATON AVENUE,CHURCH AVENUE,EAST   21 STREET,40.65155519393562,"{'type': 'Point', 'coordinates': [-73.96022088715806, 40.65155519393562]}",,,,Residential Building/House,,-73.96022088715806,PHONE,BROOKLYN,Unspecified,,,In Progress,EAST   21 STREET,,45895053,995288,176658
