url,time,level,Date,Location,Result,name,parent,Belligerents.allies,Belligerents.axis,Commanders and leaders.allies,Commanders and leaders.axis,Strength.allies,Strength.axis,Casualties and losses.allies,Casualties and losses.axis,Casualties and losses.total,Territorialchanges,Strength.total,Belligerents.third party,Commanders and leaders.third party,Strength.third party,Casualties and losses.third party
https://en.wikipedia.org/wiki/Battle_of_Westerplatte,,1,1–7 September 1939,"Westerplatte, harbor of Free City of Danzig54°24′27″N 18°40′17″E﻿ / ﻿54.40750°N 18.67139°E﻿ / 54.40750; 18.67139Coordinates: 54°24′27″N 18°40′17″E﻿ / ﻿54.40750°N 18.67139°E﻿ / 54.40750; 18.67139",German victory,Battle of Westerplatte,German Invasion of Poland,Poland,Germany   Danzig,Henryk Sucharski   Franciszek Dąbrowski,F.G. Eberhardt   Gustav Kleikamp   Wilhelm Henningsen   †,210–240 soldiers,"~3,400 soldiers and policemen 1 pre-dreadnought 2 torpedo boats 60 dive bombers",15 dead at least 40 wounded Remainder captured,50 dead at least 150 wounded,,,,,,,
https://en.wikipedia.org/wiki/Battle_of_Mokra,,1,"September 1, 1939","Mokra, Kielce Voivodeship, Poland",Polish victory,Battle of Mokra,German Invasion of Poland,Germany,Poland,Georg-Hans Reinhardt       Friedrich Kirchner,Julian Filipowicz,,,"800 killed, missing, captured, or wounded 50 tanks 100-110 vehicles","500 killed, missing or wounded 300 horses several guns 1 tankette",,,,,,,
https://en.wikipedia.org/wiki/Battle_of_Mlawa,,1,1–3 September 1939,"Near Mława, Warsaw Voivodeship, Poland",German victory,Battle of Mlawa,German Invasion of Poland,Germany,Poland,Georg von Küchler,Wilhelm Liszka-Lawicz       Emil Krukowicz-Przedrzymirski,,,"1,800 killed 3,000 wounded 1,000 missing 72 tanks destroyed","1,200 killed 1,500 wounded",,,,,,,
https://en.wikipedia.org/wiki/Battle_of_Tuchola_Forest,,1,1–5 September 1939,"Near Tuchola Forest, Pomeranian Voivodeship, Poland",German victory,Battle of Tuchola Forest,German Invasion of Poland,Germany,Poland,Günther von Kluge   Heinz Guderian   Adolf Strauss,Władysław Bortnowski   Stanisław Grzmot-Skotnicki   Józef Werobej   Juliusz Drapella,,,"506 killed 
 
743 wounded","1600 killed
 750 wounded
 
Unknown number captured",,,,,,,
https://en.wikipedia.org/wiki/Battle_of_Jordan%C3%B3w,,1,1–3 September 1939,"Jordanów, Kraków Voivodeship, Poland",Pyrrhic German victory,Battle of Jordanów,German Invasion of Poland,Poland,Germany,Stanisław Maczek  Jan Wójcik,Eugen Beyer [1],"5,000 soldiers   58 tanks and AFVs   16 field guns    armoured train  No.51 ""Pierwszy Marszałek"" [2]","3/109 heavy artillery [1]    50,000 soldiers   498 tanks and AFVs   128 field guns [2]",3+ tanks,70+ tanks and AFVs,,,,,,,
https://en.wikipedia.org/wiki/Battle_of_Borowa_G%C3%B3ra,,1,2–6 September 1939,"Near Bełchatów, Poland",German victory,Battle of Borowa Góra,German Invasion of Poland,Germany,Poland,Erich Hoepner,Ludwik Czyżewski,XVI Panzer Corps,2nd Legions' Infantry Regiment,650 killed 540 wounded,663 casualties [1],,,,,,,
https://en.wikipedia.org/wiki/Battle_of_Grudzi%C4%85dz,,1,1–4 September 1939,"Grudziądz, Pomeranian Voivodeship, Poland",German victory,Battle of Grudziądz,German Invasion of Poland,Germany,Poland,Nikolaus von Falkenhorst,Mikołaj Bołtuć    Tadeusz Lubicz-Niezabitowski   Stanisław Świtalski,,,,,,,,,,,
https://en.wikipedia.org/wiki/Battle_of_Wizna,,1,"September 7–10, 1939","Wizna, near Łomża, Poland",German victory,Battle of Wizna,German Invasion of Poland,Nazi Germany,Poland,Heinz Guderian   Ferdinand Schaal,Władysław Raginis   †    Stanisław Brykalski  †,"42,200 infantry 350 tanks 657 artillery pieces",350-720 infantry [1] 6  76 mm guns 42 MGs 2  anti-tank rifles,~900 casualties 10 tanks destroyed 1 aircraft destroyed,~660 casualties 40 captured,,,,,,,
https://en.wikipedia.org/wiki/Battle_of_Piotrk%C3%B3w_Trybunalski,,1,4-6 September 1939,"Piotrków Trybunalski, Poland",Polish withdraw,Battle of Piotrków Trybunalski,German Invasion of Poland,Poland,Germany,Edmund Karpow,Erich Hoepner,,,2 tanks [1] : 60,"17 Panzers, 2 self propelled guns, 14 armoured cars [1] : 60",,,,,,,
https://en.wikipedia.org/wiki/Battle_of_Hel,,1,1 September – 2 October 1939,"Hel Peninsula, Pomeranian Voivodeship, Poland",German victory,Battle of Hel,German Invasion of Poland,Germany,Poland,Friedrich-Georg Eberhardt,Józef Unrug   Włodzimierz Steyer   Adam Mohuczy,"38,000 infantry a 2 pre-dreadnoughts 2 destroyers Dozens of aircraft","2,800 infantry 1 destroyer 1 large minelayer several light naval craft",Luftwaffe : 46–53 aircraft    Heer : several dozen killed and wounded   Kriegsmarine :   1 destroyer damaged   1  pre-dreadnought  lightly damaged 1 minesweeper sunk,"50 killed, 150 wounded, rest taken prisoner 1 destroyer sunk 1 minelayer sunk all light craft sunk, damaged, and / or captured.",,,,,,,
https://en.wikipedia.org/wiki/Battle_of_the_Bzura,,1,9–19 September[1] 1939,"Near Kutno, Łódź Voivodeship, Poland52°14′00″N 19°22′00″E﻿ / ﻿52.23333°N 19.36667°E﻿ / 52.23333; 19.36667Coordinates: 52°14′00″N 19°22′00″E﻿ / ﻿52.23333°N 19.36667°E﻿ / 52.23333; 19.36667","German victory 

Destruction of Armies Poznań and Pomorze",Battle of the Bzura,German Invasion of Poland,Germany,Poland,Gerd von Rundstedt [1]       Johannes Blaskowitz       Walther von Reichenau       Günther von Kluge      Wilhelm Ulex      Erich Hoepner,Tadeusz Kutrzeba [1]       Władysław Bortnowski       Edmund Knoll-Kownacki       Mikołaj Bołtuć       Roman Abraham      Leon Strzelecki,"12 infantry divisions   5 armoured and motorized divisions   425,000 soldiers [1]","8 infantry divisions   2–4 cavalry brigades   225,000 soldiers [1]","8,000 dead [2]    4,000 captured   50 tanks   100 cars   20 artillery pieces","18,000 [2] –20,000 [1]  dead 32,000 wounded [2]    170,000 captured [2]",,,,,,,
https://en.wikipedia.org/wiki/Siege_of_Warsaw_(1939),,1,8-28 September 1939,"Warsaw, Poland52°13′48″N 21°00′39″E﻿ / ﻿52.23000°N 21.01083°E﻿ / 52.23000; 21.01083Coordinates: 52°13′48″N 21°00′39″E﻿ / ﻿52.23000°N 21.01083°E﻿ / 52.23000; 21.01083","German victory

German occupation of Warsaw until 1945.",Siege of Warsaw,German Invasion of Poland,Germany,Poland,Johannes Blaskowitz   Georg von Küchler   Werner von Fritsch   †   Walter Petzel,Walerian Czuma   Juliusz Zulauf   Juliusz Rómmel   Marian Porwit   Tadeusz Kutrzeba,"175,000 soldiers","124,000 soldiers  (excluding volunteers)","7,500 killed 13,000 wounded","140,000 killed or captured [1] : 78",,,,,,,
https://en.wikipedia.org/wiki/Battle_of_Lw%C3%B3w_(1939),,1,"September 12–22, 1939","Lwów, Lwów Voivodeship, Poland",German–Soviet victory,Battle of Lwów,German Invasion of Poland,Germany     Soviet Union,Poland,Ferdinand Schörner     Filipp Golikov,Władysław Langner   Franciszek Sikorski,"German:   1st Mountain Division, 2nd Mountain Division, part of 7th Infantry Division, part of 5th Panzer Division     Soviet:   6th Army",11 infantry battalions   5 batteries of artillery (mainly 75 mm guns)   2 armoured trains   1 cavalry unit   1 engineering platoon and a small number of soldiers who had retreated into the city from elsewhere,"German 1st Mountain Division: 484 killed (including 116 from Gebirgsjäger-Regiment 99.)   918 wounded   608 sick
  Soviet: 24th Armoured Brigade: 4 KIA and 8 WIA on 22 September
 
 Total:  488+ killed   926+ wounded   608+ sick",Unknown,,,,,,,
https://en.wikipedia.org/wiki/Battle_of_Tomasz%C3%B3w_Lubelski,,1,"September 17–26, 1939","Near Tomaszów Lubelski, Poland50°27′00″N 23°25′00″E﻿ / ﻿50.45000°N 23.41667°E﻿ / 50.45000; 23.41667Coordinates: 50°27′00″N 23°25′00″E﻿ / ﻿50.45000°N 23.41667°E﻿ / 50.45000; 23.41667",German victory,Battle of Tomaszów Lubelski,German Invasion of Poland,Germany,Poland,Leonard Wecker       Wilhelm List       Walther von Reichenau       Ewald von Kleist       Ernst Busch,"First Phase:       Antoni Szylling       Tadeusz Piskor 
 
 Second Phase:       Stefan Dąb-Biernacki       Emil Krukowicz-Przedrzymirski       Władysław Anders      Jan Kruszewski",3 infantry divisions   + 2 panzer divisions,First Phase:    4 infantry divisions   1 cavalry division and 1 mechanized division,"929 killed, 1174 injured and 36 tanks destroyed",870 killed and 700 injured,,,,,,,
https://en.wikipedia.org/wiki/Battle_of_Krasnobr%C3%B3d,,1,23 September 1939,"Krasnobród, Lublin Voivodeship",Polish victory,Battle of Krasnobród,German Invasion of Poland,Poland,Germany,Bohdan Stachlewski       Tadeusz Gerlecki †,Rudolf Koch-Erpach,Nowogrodek Cavalry Brigade   2nd Horse Artillery Division   2nd Horse Rifles Regiment   1st  KOP  Cavalry Regiment,8th Infantry Division   Heavy  East Prussian  cavalry,"26 killed,  35 wounded","47 killed,  30 wounded,  100 men captured",,,,,,,
https://en.wikipedia.org/wiki/Battle_of_Kock_(1939),,1,2–5 October 1939,"Near Kock, Lublin Voivodeship, Poland",Polish tactical victoryGerman strategic victory,Battle of Kock,German Invasion of Poland,Poland,Germany,Franciszek Kleeberg,G. A. von Wietersheim,"Independent Operational Group Polesie  (18,000)","XIV Motorised Corps  (30,000)","250–300 casualties 17,000 captured [1]",300–500 casualties 185 captured,,,,,,,
https://en.wikipedia.org/wiki/Battle_of_Wilno_(1939),,1,18–19 September 1939,"Wilno, Second Polish Republic54°40′N 25°19′E﻿ / ﻿54.667°N 25.317°E﻿ / 54.667; 25.317Coordinates: 54°40′N 25°19′E﻿ / ﻿54.667°N 25.317°E﻿ / 54.667; 25.317",Soviet victory,Battle of Wilno,Soviet invasion of Poland,Soviet Union,Poland,Mikhail Kovalyov      Pyotr Akhlyustin   Semyon Zybin,Jarosław Okulicz-Kozaryn,Two cavalry divisions   three armoured brigades,"10 infantry battalions   (6,500 men)   18-22 guns (including AA guns)   ~40  MGs",,,Soviet counts:  13 killed   24 wounded   five  BT  tanks destroyed   one  BA-10   armoured car  destroyed   three other AFVs damaged,,,,,,
https://en.wikipedia.org/wiki/Battle_of_Grodno_(1939),,1,20 September 1939 – 24 September 1939(4 days),"Grodno, Poland",Soviet victory,Battle of Grodno,Soviet invasion of Poland,Soviet Union,Poland,Ivan Boldin       Mikhail Petrov [1],Wacław Przeździecki       Józef Olszyna-Wilczyński       Edmund Heldut-Tarnasiewicz,Unknown number of tanks and infantry,"2,000-2,500 (September 20)   3,500-4,000 (September 21)   2 AA guns","Soviet counts:   57 KIA   159 WIA   23 AFVs 
 
Polish counts:   800 KIA, MIA and wounded","Soviet counts:   644 KIA   1,543 captured",,,,,,,
https://en.wikipedia.org/wiki/Battle_of_Szack,,1,28 September 1939,"Szack, Poland (now Ukraine)",Polish victory,Battle of Szack,Soviet invasion of Poland,Soviet Union,Poland,Colonel Iwan Russijanow,Wilhelm Orlik-Rückemann,52nd Rifle Division,"4,000 strong  KOP  group including artillery","Soviet archives:  81 dead   184 wounded   7 tanks (5 T-26, 2 T-38)   2 tractors   3 anti-tank guns  [1]    (Polish accounts:)   ~500 dead   1,600 wounded   300 captured  [2]    Several guns   A few AFVs   Up to 40 tanks [ citation needed ]",~350 dead   900+ wounded   A few trucks [ citation needed ],,,,,,,
https://en.wikipedia.org/wiki/Battle_of_Wytyczno,,1,"October 1, 1939","Wytyczno, near Włodawa, Poland",Soviet victory,Battle of Wytyczno,Soviet invasion of Poland,Soviet Union,Poland,Col. Vasily Sokolov,Wilhelm Orlik-Rueckemann,"1,200 men   200 guns   70 tanks","2,000 men   13 guns",80 killed   102 wounded   4 tanks destroyed,200 killed   467 wounded,,,,,,,
https://en.wikipedia.org/wiki/Battle_of_Suomussalmi,,1,7 December 1939-8 January  1940,"Suomussalmi, Finland",Finnish  victory,Battle of Suomussalmi,Soviet invasion of Finland,Finland,Soviet Union,Hjalmar Siilasvuo,Ivan Dashichev  [ ru ]   Alexei Vinogradov,"T3 regiments and separate battalions 11,500","9th Army 
 
 2 divisions 
 1 tank brigade 
45,000–55,000","750 killed or missing [1] 1,000 wounded [1]","13,000–23,000 killed or missing [2] 2,100 captured 43 tanks captured 71 field-guns captured 29 anti-tank guns captured 260 trucks captured 1,170 horses captured",,,,,,,
https://en.wikipedia.org/wiki/Battle_of_Summa,,1,16–22 December 1939 (First)1–15 February 1940 (Second),Summa Lahde Sector,"First battle: Finnish victorySecond battle: Soviet victory 

Soviets overrun the Mannerheim Line.",Battle of Summa,Soviet invasion of Finland,Finland,Soviet Union,Carl Mannerheim Harald Öhquist,Semyon Timoshenko,Third Division,7th Army 13th Army,thousands,tens of thousands large amounts of material,,,,,,,
https://en.wikipedia.org/wiki/Battle_of_Raate_Road,,1,1-7 January 1940,Eastern Finland,Finnish victory,Battle of Raate Road,Soviet invasion of Finland,Finland,Soviet Union,Hjalmar Siilasvuo,Alexei Vinogradov,"6,000","13,962–25,000 [1] (Officially)",402 killed (according to Finnish estimates) [2],"4,674 casualties  (according to the Soviets) [3] 
 
7,000–9,000 killed 1,300 captured (according to Finnish estimates) [4]",,,,,,,
https://en.wikipedia.org/wiki/Battle_of_Kollaa,,1,"December 7, 1939 – March 13, 1940","Kollaa river, Finland",Finnish victory,Battle of Kollaa,Soviet invasion of Finland,Finland,Soviet Union,Woldemar Hägglund Division: Lauri Tiainen (Until 31 January) Antero Svensson (From 1 February),Ivan Khabarov (Until 13 December) Grigori Shtern (From 13 December) Division:  (December) M.S. Yevstigneyev Corps:  (February–March) Dmitri Kozlov V.G. Vorontsov,1 division and some small units [ citation needed ],"4 divisions, 1 tank brigade [ citation needed ]","1,500 dead or wounded (estimate)","8,000 dead or wounded",,,,,,,
https://en.wikipedia.org/wiki/Battle_of_Petsamo_(1939),,1,30 November 1939 to 12 March 1940,"Petsamo, Finland",Soviet advance,Battle of Petsamo,Soviet invasion of Finland,Finland,Soviet Union,Captain   Antti Pennanen,Kirill Meretskov   Valerian Frolov,Three companies,Two divisions,"89 dead, 135 wounded, 16 captured","181 dead, 301 wounded, 72 captured",,,,,,,
https://en.wikipedia.org/wiki/Defense_of_Brest_Fortress,June 1941,1,22–29 June 1941,"Brest, Belarusian SSR, Soviet Union",German victory,Defense of Brest Fortress,Axis invasion of the Soviet Union,Germany,Soviet Union,Fritz Schlieper,Pyotr Gavrilov   ( POW )   Ivan Zubachyov   ( POW )   Andrej Kižavataŭ   †   Yefim Fomin   [1] [2],"about 17,000, 2 Panzer Divisions","over 9,000, 2  T-26  Cavalry Tanks,  BA-20  Bobik [3]","429 dead, 668 wounded [4]","more than 2,000 dead [5] about 6,800 captured [6]",,,,,,,
https://en.wikipedia.org/wiki/Battle_of_Bia%C5%82ystok-Minsk,June 1941,1,22 June – 9 July 1941,"Byelorussian Soviet Socialist Republic, Soviet Union",Decisive German victory,Battle of Białystok-Minsk,Axis invasion of the Soviet Union,Germany,Soviet Union,Fedor von Bock Hermann Hoth Günther von Kluge Heinz Guderian,Dmitry Pavlov   Vladimir Klimovskikh   Ivan Boldin,"750,000 1,936 tanks","671,165 [1] 4,522 tanks 14,171 guns/mortars [1]","12,157  (incomplete) [2] 101 tanks destroyed [3] 276 aircraft destroyed","341,073 killed or captured [4] [1] [5] 76,717 wounded [1] [4] 4,799 tanks destroyed [1] 9,427 guns/mortars lost [4] [1] 1,177-1,669 aircraft destroyed [1] [6] Total : 417,729",,,,,,,
https://en.wikipedia.org/wiki/Operation_Rentier,,1,22 June 1941,"Petsamo, Finland",German victory,Operation Rentier,Axis invasion of the Soviet Union,Germany,Soviet Union,,,"27,500 men [1]",Unknown,,,,,,,,,
https://en.wikipedia.org/wiki/Baltic_Operation,,1,22 June – 9 July 1941,"Baltic Countries, USSR","German victory

Successful German Offensive",Baltic Operation,Axis invasion of the Soviet Union,Germany,Soviet Union,Wilhelm Ritter von Leeb,Fyodor Isodorovich Kuznetsov,"655,000 1,389 tanks 7,673 artillery pieces 1,070 aircraft","498,000 [1] 1,393 tanks 5,573 artillery pieces 1,210 aircraft",unknown,"75,202 killed 13,284 wounded 2,523 tanks & SPGs destroyed [2] 990 aircraft destroyed [2] Total : 88,486 casualties [1]",,,,,,,
https://en.wikipedia.org/wiki/Battle_of_Raseiniai,,1,23–27 June 1941,"Raseiniai, Lithuania",German victory,Battle of Raseiniai,Axis invasion of the Soviet Union,Germany,Soviet Union,Georg-Hans Reinhardt,"Fyodor Kuznetsov 
 Alexey Kurkin 
 Yegor Solyankin   †",235–245 tanks [1] [2] [f],749 tanks [3],"2/3 of the (6th Panzer Division and 4th Panzer Group), a few cannons and trucks",704 tanks (crewmen either killed or captured) [3],,,,,,,
https://en.wikipedia.org/wiki/Battle_of_Brody_(1941),June 1941,1,23–30 June 1941,"Brody, Ukrainian SSR, Soviet Union",German victory,Battle of Brody (1941),Axis invasion of the Soviet Union,Germany,Soviet Union,Paul Ludwig Ewald von Kleist   Hyazinth Graf Strachwitz,Mikhail Kirponos   Maksim Purkayev    Ivan Muzychenko  Mikhail Potapov,750 tanks [1] [2],"3,500 tanks [1]",200 tanks lost [3] (Against the  8th Mech. Corps ),heavy (Forces rendered non-operational) 800 tanks lost [3] (8th Mech. Corps),,,,,,,
https://en.wikipedia.org/wiki/Continuation_War,,1,"25 June 1941 – 19 September 1944 (3 years, 2 months, 3 weeks and 4 days)","Finland, Karelia, and Murmansk area","Soviet victory[5][6][7]

Moscow Armistice",Continuation War,Axis invasion of the Soviet Union,Finland   Germany   Italy [Note 1],Soviet Union   United Kingdom [Note 2],"C.G.E. Mannerheim 
   Aksel Airo 
   Erik Heinrichs 
   Lennart Oesch 
   N. von Falkenhorst 
   Eduard Dietl 
   Lothar Rendulic","Markian Popov 
   Filipp Gorelenko 
   Leonid Govorov 
   Mikhail Hozin 
   Valerian Frolov 
   Kirill Meretskov","450,000–700,000 Finns [Note 3] 67,000–214,000 Germans [Note 4] 2,000  Estonian volunteers 1,000  Swedish volunteers","900,000–1,500,000 Soviets [10]","Finnish 
 63,200 dead or missing [11] [12] 
 158,000 wounded [11] 
 2,370–3,500  captured [13] 
 225,000 total casualties 
 Not including civilian casualties 
 
 
 German 
 23,200 dead or missing 
 60,400 wounded 
 84,000 total casualties [12] 
 Not including civilian casualties","Soviet 
 250,000–305,000 dead  or missing [14] [11] [12] 
 575,000 medical  casualties (including  385,000 wounded  and 190,000 sick) [14] [11] 
 64,000  captured [15] 
 890,000–944,000  total casualties 
 Not including civilian casualties,  such as  Siege of Leningrad",,Concession of Petsamo and lease of Porkkala Peninsula to the Soviet Union,,,,,
https://en.wikipedia.org/wiki/Operation_Silver_Fox,,1,29 June – 17 November 1941,"Arctic, Lapland, Northern Russia68°58′N 33°05′E﻿ / ﻿68.967°N 33.083°E﻿ / 68.967; 33.083Coordinates: 68°58′N 33°05′E﻿ / ﻿68.967°N 33.083°E﻿ / 68.967; 33.083","Axis failure, Soviet victory",Operation Silver Fox,Axis invasion of the Soviet Union,Germany   Finland,Soviet Union   United Kingdom [note],Nikolaus von Falkenhorst   Eduard Dietl   Hans Feige   Hjalmar Siilasvuo,Markian Popov     Valerian Frolov [note]   Roman Panin,,,"21,501 Germans 5,000 Finns [2]",unknown,,,,,,,
https://en.wikipedia.org/wiki/Operation_Platinum_Fox,,1,29 June – 21 September 1941,"Petsamo, Litsa River, Rybachy Peninsula",Soviet victory,Operation Platinum Fox,Axis invasion of the Soviet Union,Germany   Finland,Soviet Union,Eduard Dietl,Valerian A. Frolov,"2nd Mountain Division 3rd Mountain Division 2 additional SS regiments [1] Finnish 14th Infantry Regiment [2] Finnish  Ivalo  Border Guard Battalion 27,500 men (initially) [3]",14th Rifle Division 52nd Rifle Division Polyarny Division [note] Soviet Northern Fleet,"10,300 overall [4]",Unknown,,,,,,,
https://en.wikipedia.org/wiki/Operation_Arctic_Fox,July–November 1941,1,1 July 1941 – 17 November 1941,"Salla, Kestenga, Alakurtti, Verman River",Stalemate,Operation Arctic Fox,Axis invasion of the Soviet Union,Germany   Finland,Soviet Union,Hans Feige   Hjalmar Siilasvuo,Markian Popov       Valerian A. Frolov   Roman Panin [1],"XXXVI Corps 
 169th Infantry Division 
 SS-Division  Nord  (mot.) 
 Finnish 6th Division 
 Panzer-Abteilung 211 
   III Corps 
 Finnish 3rd Division 
 Panzer-Abteilung 40","14th Army 
 104th Rifle Division 
 122nd Rifle Division 
 1st Tank Division 
 88th Rifle Division  (reinforcements) 
 Grivnik brigade [1] (reinforcements) 
 1st Polar Rifle Division [note] 
   7th Army 
 54th Rifle Division","XXXVI Corps: 9,463 men [2]  III Corps: unknown [note]",Heavy casualties,,,,,,,
https://en.wikipedia.org/wiki/Battle_of_Smolensk_(1941),,1,"8 July – 31 July 1941(German historiography)[1]:267
10 July – 10 September 1941 (Soviet historiography)[2][1]:267","Smolensk (Russian SFSR) vicinity, Soviet UnionCoordinates: 54°46′58″N 32°02′43″E﻿ / ﻿54.78278°N 32.04528°E﻿ / 54.78278; 32.04528",German victory,Battle of Smolensk (1941),Axis invasion of the Soviet Union,Germany,Soviet Union,Fedor von Bock   Maximilian von Weichs   Hermann Hoth   Heinz Guderian,Semyon Timoshenko Fyodor Kuznetsov   Andrei Yeremenko   Ivan Gorbachyov   †,"430,000 men [3] [4] 1,000 tanks [3]  1,500 aircraft [3]    6,600 guns and mortars [3]","10 July: 581,600 men [5]    1,545 tanks [6] [b]    6,000 guns [7]","135,659 men (21 July – 10 September) [8] 
 
 29,650 killed 
 100,327 wounded 
 5,682 missing 
214 tanks destroyed [4]","759,947 men [5] 
 
 186,144 killed 
 273,803 wounded 
 300,000 captured [9] [10] 
1,348–3,273 tanks and SPGs destroyed [11] [a] 903 aircraft destroyed [12]",,,,,,,
https://en.wikipedia.org/wiki/Battle_of_Uman,,1,15 July–8 August 1941,Right-bank Ukraine,Axis victory,Battle of Uman,Axis invasion of the Soviet Union,Germany   Romania   Hungary   Slovakia,Soviet Union,Gerd von Rundstedt   C.H. von Stülpnagel   Ewald von Kleist,Semyon Budyonny   Mikhail Kirponos   Ivan Tyulenev,"400,000  600 tanks","300,000  317 tanks and 858 guns","Total: 20,853 [a] Killed: 4,610  Wounded: 15,458  Captured or missing: 785","Total: 203,000   Killed or wounded: 100,000  Captured: 103,000  Captured or destroyed: 317 tanks",,,,,,,
https://en.wikipedia.org/wiki/Pripyat_swamps_(punitive_operation),,1,,,,Pripyat swamps (punitive operation),Axis invasion of the Soviet Union,,,,,,,,,,,,,,,
https://en.wikipedia.org/wiki/Siege_of_Odessa_(1941),,1,"8 August – 16 October 1941 (2 months, and 8 days)","Odessa region, Ukrainian SSR, Soviet Union","Axis victory, subsequent 1941 Odessa massacre",Siege of Odessa (1941),Axis invasion of the Soviet Union,Romania   Germany Aerial support:   Italy,Soviet Union,Ion Antonescu   Alexandru Ioaniţiu   †   Iosif Iacobici   Nicolae Ciupercă   Erich von Manstein,Georgiy Sofronov   Ivan Petrov   Gavriil Zhukov   Filipp Oktyabrskiy,"160,000 men (initially) [1] 340,223 men (total)","34,500 men (initial) [2] 240 artillery pieces 120,000+ men (total)","92,545 overall 17,729 dead 63,345 wounded 11,471 missing 19 tanks 90 artillery pieces 20 aircraft [3]","Low estimate:  41,268 overall [2] 16,578 dead/missing 24,690 wounded 1 armored train 151 aircraft High estimate:  60,000 overall [4] Naval losses to Romanian forces: 1 destroyer possibly damaged 1 armed merchantman captured",,,,,,,
https://en.wikipedia.org/wiki/Battle_of_Kiev_(1941),,1,23 August – 26 September 1941,"East and South of Kiev, Ukrainian SSR, Soviet Union","German victory

Encirclement of Soviet troops
Soviet bombings of Kiev as part of scorched earth policy
Massacre of Soviet POWs and civilians at Babi Yar",Battle of Kiev (1941),Axis invasion of the Soviet Union,Germany,Soviet Union,Gerd von Rundstedt   Walther von Reichenau   Heinz Guderian   Ewald von Kleist,Semyon Budyonny [a]   Semyon Timoshenko   Mikhail Kirponos   †   Mykhailo Burmystenko   †,"25 infantry divisions 9 armoured divisions 544,000 [1]","Initial 627,000 [2]","Total: 128,670 [3] 26,856 killed 96,796 wounded 5,008 missing","700,544 men [2] 
 
 84,240 wounded and sick 
411 tanks and SPGs destroyed [4] 343 aircraft destroyed [4] 28,419 guns and mortars lost [5]",,German occupation of Kiev,,,,,
https://en.wikipedia.org/wiki/Bombing_of_Tallinn_in_World_War_II,,1,,,,Bombing of Tallinn in World War II,Axis invasion of the Soviet Union,,,,,,,,,,,,,,,
https://en.wikipedia.org/wiki/Evacuation_of_Tallinn_(1941),,1,27–31 August 1941,Gulf of Finland,Finnish–German victory,Evacuation of Tallinn (1941),Axis invasion of the Soviet Union,Finland   Germany,Soviet Union,Alfred Keller W.F. von Richthofen,Vladimir Tributs Kliment Voroshilov,Luftflotte 1 Fliegerkorps VIII,"1 armed cruiser 30,000",Unknown,"12,000+ dead (civilian and military) 28 large transports and auxiliary ships 16 warships [1] 6 small transports 34 merchant vessels sunk",,,,,,,
https://en.wikipedia.org/wiki/Yelnya_Offensive,,1,"August 30 – September 8, 1941","Yelnya, Soviet Union54°34′N 33°10′E﻿ / ﻿54.567°N 33.167°E﻿ / 54.567; 33.167Coordinates: 54°34′N 33°10′E﻿ / ﻿54.567°N 33.167°E﻿ / 54.567; 33.167",Soviet tactical victory,Yelnya Offensive,Axis invasion of the Soviet Union,Germany,Soviet Union,Fedor von Bock,Georgy Zhukov   Konstantin Rakutin   †,,"103,200 [1]","23,000 (XX Army Corps for the period from August 8 to Sept 8) [2]","10,701 killed or missing 21,152 wounded 31,853 overall [1]",,,,,,,
https://en.wikipedia.org/wiki/Battle_of_the_Sea_of_Azov,,1,26 September 1941 – 11 October 1941(2 weeks and 1 day),Sea of Azov,Axis victory,Battle of the Sea of Azov,Axis invasion of the Soviet Union,Germany   Romania,Soviet Union,Gerd von Rundstedt   Erich von Manstein   Ewald von Kleist   Petre Dumitrescu,Semyon Timoshenko   Dmitry Ryabyshev   Yakov Cherevichenko,unknown,unknown,"2,456 killed 9,699 wounded 266 missing Total : 12,421 (21 September–10 October) [1]","106,332 captured [2] 212 tanks destroyed or captured [2] 772 guns captured [2]",,,,,,,
https://en.wikipedia.org/wiki/Nevsky_Pyatachok,,2,,,,Nevsky Pyatachok,Siege of Leningrad (1941–1944),,,,,,,,,,,,,,,
https://en.wikipedia.org/wiki/Operation_Nordlicht_(1942),,2,,,,Operation Nordlicht (1942),Siege of Leningrad (1941–1944),,,,,,,,,,,,,,,
https://en.wikipedia.org/wiki/Sinyavino_Offensive_(1942),,2,"August 19 – October 10, 1942","Southern shore of Lake Ladoga, near present-day Sinyavino and Saint Petersburg, Russia","Soviet offensive defeated, German offensive cancelled.",Sinyavino Offensive (1942),Siege of Leningrad (1941–1944),Germany,Soviet Union,Erich von Manstein   Georg von Küchler,Kirill Meretskov   Leonid Govorov,18th Army Reinforcements: 11th Army,"2nd Shock Army 8th Army Elements of  Leningrad Front Total 190,000 men","(Only between August 28–September 30) 5,893 dead,  Total  26,000 [1] [2]","40,085 dead and missing (including 12,000 captured) 73,589 wounded and sick  Total  113,674 [3]",,,,,,,
https://en.wikipedia.org/wiki/Operation_Iskra,,2,12–30 January 1943 (1943-01-12 – 1943-01-30),South of Lake Ladoga,Soviet victory,Operation Iskra,Siege of Leningrad (1941–1944),Germany,Soviet Union,Georg Lindemann,Kirill Meretskov Leonid Govorov,26 divisions [1] 700 artillery 50 tanks [2],"20 divisions 15 brigades 4,600 artillery 500 tanks 900 aircraft [2]","12,000 killed 32,570 wounded [3]","33,940 killed 71,142 wounded [4]",,,,,,,
https://en.wikipedia.org/wiki/Battle_of_Bryansk_(1941),October 1941,1,30 September–21 October 1941,"Bryansk, Soviet Union",German victory,Battle of Bryansk (1941),Axis invasion of the Soviet Union,Germany,Soviet Union,Fedor von Bock     Heinz Guderian     Maximilian von Weichs,Andrey Yeryomenko   Semyon Timoshenko   Georgy Zhukov,unknown,Unknown,unknown,"100,000 killed or missing 600,000 captured",,,,,,,
https://en.wikipedia.org/wiki/Crimea_Campaign,,1,18 October–16 November 1941,"Crimea, Soviet Union",Axis victory,Battle of the Crimea (1941),Axis invasion of the Soviet Union,Germany   Romania,Soviet Union,Erich von Manstein   Wolfram Freiherr von Richthofen   Gheorghe Avramescu   Constantin Costăchescu,Gordey Levchenko   Fyodor Kuznetsov   Ivan Yefimovich Petrov,,,"30,000 dead, wounded or missing","65,000 captured 212 Vehicles destroyed 672 guns 1 cargo ship sunk",,,,,,,
https://en.wikipedia.org/wiki/First_Battle_of_Kharkov,,1,20–24 October 1941,"Kharkov, Ukrainian SSR, Soviet Union",German victory,First Battle of Kharkov,Axis invasion of the Soviet Union,Germany,Soviet Union,Erwin Vierow     Anton Dostler,Viktor Tsyganov,"Two divisions 1 Sturmgeschütz-Abteilung 10,000–30,000 men (est.) 12  StuG III",One division [1],unknown,"unknown, but [2] probably higher",,,,,,,
https://en.wikipedia.org/wiki/Battle_at_Borodino_Field,October 1941 – January 1942,1,13 October 1941 – 18 January 1942,"Borodino, Russian SFSR55°30′31″N 35°49′16″E﻿ / ﻿55.50861°N 35.82111°E﻿ / 55.50861; 35.82111Coordinates: 55°30′31″N 35°49′16″E﻿ / ﻿55.50861°N 35.82111°E﻿ / 55.50861; 35.82111",German victory in OctoberSoviet victory in January,Battle at Borodino Field,Axis invasion of the Soviet Union,Germany,Soviet Union,Günther von Kluge,Dmitry Lelyushenko,2nd SS Division Das Reich 10th Panzer Division 18th Panzer Brigade 19th Panzer Brigade,32nd Rifle Division 82nd Rifle Division 36th Motorcycle Regiment 509th Anti-Tank Regiment,,,,,,,,,
https://en.wikipedia.org/wiki/Battle_of_the_Kerch_Peninsula,,2,"26 December 1941 – 19 May 1942(4 months, 3 weeks and 2 days)","Crimean Peninsula, Russian SFSR, Soviet Union",Axis victory,Battle of the Kerch Peninsula,Siege of Sevastopol (1941–1942),Germany   Romania,Soviet Union,Erich von Manstein Wolfram von Richthofen,Dimitri Kozlov   Lev Mekhlis   Filipp Oktyabrsky,"8 May 1942: 232,549 men (2 May) [1] 200 tanks [2] 57 assault guns [3] 800+ aircraft [4] 95,000 men (2 May) [1]","8 May 1942: 249,800 men [5] 238 tanks [6] 404 aircraft (Air Force of the Crimean Front) [4]","38,362
 
 
 Breakdown 
 Kerch losses: 
 
 21 December – 31 December: 6,654 men [7] 
 
 1,108 killed 
 5,287 wounded 
 259 missing 
 
 January 1942 – April 1942: 24,120 men [8] 
 
 
 8 May 1942 – 19 May 1942: 7,588 men [9] 
 
 1,703 killed or captured 
 5,885 wounded 
 8–12 tanks destroyed [10] [9] 3 assault guns destroyed [10] 9 artillery pieces destroyed [10] 37 aircraft destroyed [11]","570,601
 
 
 Breakdown 
 Kerch losses: 
 
 26 December – 2 January: 41,935 men [12] 
 
 32,453 killed or captured 
 9,482 wounded or sick 
 
 1 January 1942 – 30 April 1942: 352,000 men [13] [8] 
 
 
 8 May 1942 – 19 May 1942: 176,566 men [5] 
 
 162,282 killed or captured 
 14,284 wounded or sick 
 258 tanks destroyed 1,133 guns lost 417 aircraft destroyed (315 from Air Force of the Crimean Front) [11]",,,,,,,
https://en.wikipedia.org/wiki/Battle_of_Rostov_(1941),,1,17 November–2 December 1941(2 weeks and 1 day),"Rostov-on-Don region, USSR",Soviet victory,Battle of Rostov,Axis invasion of the Soviet Union,Soviet Union,Germany   Romania   Slovakia,Yakov Cherevichenko   Anton Lopatin,Gerd von Rundstedt   Walther von Reichenau   Ewald von Kleist,"Southern Front 
 
   37th Army","Army Group South 
 
   1st Panzer Army","33,000 (17 November–2 December) [1]","733 killed 3,396 wounded 187 missing Total : 4,316 (11 November–30 November) [2]",,,,,,,
https://en.wikipedia.org/wiki/Battle_of_Moscow,[1],1,2 October 1941 – 7 January 1942(3 months and 5 days),"Moscow Oblast, Russian SFSR, USSR","Soviet victory

End of Operation Barbarossa
Beginning of Soviet counter-offensives",Battle of Moscow,Axis invasion of the Soviet Union,Germany,Soviet Union,"Adolf Hitler 
 Fedor von Bock 
 Heinz Guderian 
 Günther von Kluge 
 Georg-Hans Reinhardt 
 Adolf Strauss 
 Erich Hoepner","Joseph Stalin 
 Georgy Zhukov 
 Aleksandr Vasilevsky 
 Ivan Konev","As of 1 October 1941: 
 1,184,000–1,929,000 men [1] [2] [3] [4] 
 1,000–2,470 tanks and assault guns [5] [6] 
 14,000 guns 
 Initial aircraft: 549 serviceable; [7] [8] [9]  at time of counter offensive: 599 [10]","As of 1 October 1941: 
 1,250,000–1,400,000 men 
 1,044 [11] –3,232 tanks 
 7,600 guns 
 Initial aircraft: 936 (545 serviceable); [7]  at time of counteroffensive: 1,376 [10]","German strategic offensive : (1 October 1941 to 10 January 1942) 
 October: 62,870 
 November: 46,374 
 December: 41,819 
 January: 23,131 
 
 Total : 174,194 KIA, WIA, MIA  (see  §7 ) [12] 
 
 Russian estimated : 581,000 killed, missing, wounded and captured. [13]","Moscow Defense : [14]  (30 September 1941 to 5 November 1942) 
 514,338 killed or missing 
 143,941 wounded 
 
 Moscow Offensive : [14]  (5 December 1941 to 7 January 1942) 
 139,586 killed or missing 
 231,369 wounded 
 
 Total : 1,029,234 (see  § Casualties )",,,,,,,
https://en.wikipedia.org/wiki/Operation_B%C3%BCffel,,2,,,,Operation Büffel,Battles of Rzhev,,,,,,,,,,,,,,,
https://en.wikipedia.org/wiki/Toropets-Kholm_Operation,,1,9 January – 6 February 1942,Northwestern Russia,Soviet victory,Toropets-Kholm Operation,Soviet Winter counter-offensive,Germany,Soviet Union,Ernst Busch,Pavel Kurochkin,unknown,"122,100","12,000 [1]   (Soviet estimate)","10,400 killed or missing 18,810 wounded Total : 29,200 [2]",,,,,,,
https://en.wikipedia.org/wiki/Demyansk_Pocket,,1,8 February – 20 May 1942,"Demyansk, Russian SSR, Soviet Union",German defensive victory[1],Demyansk Pocket,Soviet Winter counter-offensive,Germany,Soviet Union,Walter von Brockdorff-Ahlefeldt   Walther von Seydlitz-Kurzbach,Pavel Kurochkin,"100,000  (initially) [2] [3] 31,000  (reinforcements)","400,000  (initially)","11,777 killed 40,000 wounded 2,739 missing 265 aircraft destroyed Total : 55,000 [4]","88,908 killed & missing 156,603 wounded Total : 245,500 [5]",,,,,,,
https://en.wikipedia.org/wiki/Second_Battle_of_Kharkov,,1,12 May 1942 – 28 May 1942(2 weeks and 2 days),"Izium/Barvenkovo area, Kharkov Oblast, Ukrainian SSR, Soviet Union",Axis victory,Second Battle of Kharkov,Soviet Winter counter-offensive,Germany   Romania   Hungary   Italy   Slovakia   Croatia,Soviet Union,Fedor von Bock   Ewald von Kleist,Semyon Timoshenko   Ivan Bagramyan,"350,000 men 447 tanks [1] 40 assault guns [2] 27 tank destroyers [1] 591 aircraft [3]","12 May: 765,300 men [4] 1,176 tanks 300 self-propelled guns [5] 1,154 guns and howitzers [6] 1,700 mortars [6] 926 aircraft [7]","~20,000–30,000 men [8] [9] [10] [3] 108 tanks destroyed [3] 49 aircraft destroyed [11]   12 airmen killed [11] 98 airmen missing [11]","277,190 men
 
 170,958 killed, missing or captured 
 106,232 wounded [4] [9] 
1,250 tanks destroyed [9] 1,648–2,086 guns and howitzers lost [3] 3,278 mortars lost [3] 542 aircraft destroyed [11] 57,000 horses [3]",,,,,,,
https://en.wikipedia.org/wiki/Operation_Kremlin,,0,,,,Operation Kremlin,Eastern Front,,,,,,,,,,,,,,,
https://en.wikipedia.org/wiki/Operation_Braunschweig,July–November 1942,1,,,,Operation Braunschweig,Case Blue,,,,,,,,,,,,,,,
https://en.wikipedia.org/wiki/Battle_of_Voronezh_(1942),,1,28 June – 24 July 1942,"Voronezh, Soviet Union",Axis victory,Battle of Voronezh (1942),Case Blue,Germany   Hungary,Soviet Union,Hermann Hoth   Gusztáv Vitéz Jány,Filipp Golikov,"975,000","1,300,000","94,500 casualties including 19,000 KIA and MIA [1]","568,347 370,500 killed and 80,000 captured [1] 197,825 wounded [2]",,,,,,,
https://en.wikipedia.org/wiki/Malaya_Zemlya,,2,,,,Malaya Zemlya,Battle of the Caucasus,,,,,,,,,,,,,,,
https://en.wikipedia.org/wiki/Battle_of_Stalingrad,[2],1,"23 August 1942 – 2 February 1943[Note 1](5 months, 1 week and 3 days)","Stalingrad, Russian SFSR, Soviet Union48°42′N 44°31′E﻿ / ﻿48.700°N 44.517°E﻿ / 48.700; 44.517Coordinates: 48°42′N 44°31′E﻿ / ﻿48.700°N 44.517°E﻿ / 48.700; 44.517",Soviet victory[1]Destruction of the German 6th Army,Battle of Stalingrad,Case Blue,Germany   Romania   Italy   Hungary   Croatia,Soviet Union,Adolf Hitler   Maximilian von Weichs   Friedrich Paulus     Hermann Hoth   Erich von Manstein   W.F. von Richthofen   Petre Dumitrescu   C. Constantinescu   Italo Gariboldi   Gusztáv Jány,Joseph Stalin   Georgy Zhukov   Nikolay Voronov   A.M. Vasilevsky   Andrey Yeryomenko   K.K. Rokossovsky   Nikolai Vatutin   Vasily Chuikov,"Initial : 270,000 personnel 3,000 artillery pieces 500 tanks 600 aircraft, 1,600 by mid-September ( Luftflotte 4 ) [Note 5] [2] 
 At the time of the Soviet counter-offensive : c. 1,040,000 men [3] [4] 400,000+ Germans 220,000 Italians 200,000 Hungarians 143,296 Romanians 40,000  Hiwi 10,250 artillery pieces 500 tanks (140 Romanian) 732 (402 operational) aircraft [5] : 225 [6] : 87","Initial : 187,000 personnel 2,200 artillery pieces 400 tanks 300 aircraft [2] : 72 
 At the time of the Soviet counteroffensive : 1,143,000 men [7] 13,451 artillery pieces 894 tanks [7] 1,115 [5] : 224  aircraft","647,300–868,374 [8]   Germany 300,000+ [9] [10] [11] –400,000 [12]   Italy 114,000 [13] –114,520 [14]   Romania 109,000 [13] –158,854 [14]   Hungary 105,000 [13] –143,000 [14] Hiwi  19,300–52,000 [15] 
 900 aircraft destroyed 1,500 tanks destroyed (100 Romanian) 6,000 guns destroyed 744 aircraft; 1,666 tanks; 5,762 guns captured 
See  casualties section .","1,129,619 478,741 killed or missing 650,878 wounded or sick [16] 
 2,769 aircraft 4,341 tanks (~150 by Romanians) (25-30% were total write-offs. [17] ) 15,728 guns 
See  casualties section .",,"Expulsion of the Axis from the Caucasus, reversing their gains from the 1942 Summer Campaign",,,,,
https://en.wikipedia.org/wiki/Operation_Uranus,November 1942,0,19–23 November 1942,Near Stalingrad (now Volgograd)48°42′N 44°31′E﻿ / ﻿48.700°N 44.517°E﻿ / 48.700; 44.517Coordinates: 48°42′N 44°31′E﻿ / ﻿48.700°N 44.517°E﻿ / 48.700; 44.517,"Decisive Soviet victory

Encirclement of Axis forces",Operation Uranus,Eastern Front,Soviet Union,Germany   Italy   Romania   Hungary,Joseph Stalin   Semyon Timoshenko       K. Rokossovsky   Aleksandr Vasilevsky   Nikolai Vatutin,Adolf Hitler   Friedrich Paulus   Petre Dumitrescu,"1,143,500 personnel (including reserve) [1]    894 tanks [1]  13,451 artillery pieces [1]    1,500 aircraft [2] 
 
and 30,000+ Cossack Cavalry forces.","German : 250,000+ personnel  (6th Army and 4th Panzer Army) unknown number of artillery pieces  732 aircraft (402 serviceable) Italian : 220,000 personnel unknown number of artillery pieces or aircraft [3] Romanian : 143,296 personnel  827 artillery pieces  134 tanks  unknown number of aircraft [3] Hungarian :   200,000 personnel unknown number of artillery pieces or tanks [4] 
 
 Total : 1,040,000 men",Unknown,Unknown,,,,,,,
https://en.wikipedia.org/wiki/Operation_Mars,November – December 1942,0,25 November – 20 December 1942,"Rzhev and Velikie Luki salients, Russian SFSR","German victory 

Soviet operational failure",Operation Mars,Eastern Front,Soviet Union,Germany,Georgy Zhukov   Ivan Konev   Maksim Purkayev,Walter Model     Günther von Kluge,"702,923 personnel, 1,718 tanks [1]","3 combined corps  (with 13 infantry divisions  and 2 paratrooper divisions) 2 panzer corps  (5 panzer divisions,  3 motorized divisions) 1,615 tanks [1] Total forces:  ~ 350,000 troops.","Isayev : 70,373 irrecoverable 145,301 sanitary [2] Glantz : 100,000 killed  235,000 wounded 1,600 tanks [3]","Grossmann : 40,000 casualties [4]",,,,,,,
https://en.wikipedia.org/wiki/Tatsinskaya_Raid,,1,"December 16–28, 1942","Tatsinskaya, Soviet Union",Soviet strategic victory,Tatsinskaya Raid,Operation Little Saturn,Germany   Romania [1]   Italy [2],Soviet Union,Hermann Balck,Vasily Badanov,,,"Soviet claims for 12,000 KIA, 5,000 POW, unknown WIA, 84 tanks, 106 guns, 300 aircraft destroyed",Unknown KIA Unknown MIA Unknown WIA up to 190 tanks,,,,,,,
https://en.wikipedia.org/wiki/Battle_of_Nikolayevka,,1,"January 13–26, 1943 (including prelude)","Nikolayevka, Belgorod Oblast, Russian SFSR, Soviet Union",Axis breakout,Battle of Nikolayevka,Operation Little Saturn,Italy   Hungary,Soviet Union,Giulio Martinat   †   Luigi Reverberi,Fyodor Kuznetsov   Dmitri Lelyushenko,"8–9,000 [ citation needed ]","6,000 infantry (plus  Soviet partisans ) [ citation needed ]",Unknown,Unknown,,,,,,,
https://en.wikipedia.org/wiki/Operation_Winter_Storm,December 1942,0,12–23 December 1942,Southwest of Stalingrad,"Soviet victory

Axis failure to rescue 6th Army in Stalingrad pocket",Operation Winter Storm,Eastern Front,Soviet Union,Germany   Romania   Italy,Andrey Yeryomenko   Rodion Malinovsky   Aleksandr Vasilevsky,Erich von Manstein   Hermann Hoth   Karl-Adolf Hollidt   Petre Dumitrescu   Italo Gariboldi,"150,000 personnel 630 tanks 1,500 artillery guns [1] [2]","est. 50,000 [3]  personnel 250 tanks [4]",Unknown,"From 11 to 31 December 1942 : 15,751 casualties (3,700 killed, 10,874 wounded and 1,086 missing) [5]",,,,,,,
https://en.wikipedia.org/wiki/Battle_for_Velikiye_Luki_(1943),,0,19 November 1942 – 16 January 1943,"Velikiye Luki, Russian SFSR, Soviet Union",Soviet victory,Battle for Velikiye Luki (1943),Eastern Front,Germany,Soviet Union,Kurt von der Chevallerie,Maksim Purkayev   Kuzma Galitsky,"LIX Korps  – ~50,000 (on 19 Nov) Reinforcement forces:  ~50,000 [1]","3rd Shock Army  – 95,608 (on 19 Nov) Reinforcement forces:  86,700 [2]","Soviet estimate: ~60,000  killed, missing or wounded, 4,500 captured [3]","104,022 31,674 killed or missing 72,348 wounded [4]",,,,,,,
https://en.wikipedia.org/wiki/Battle_of_Krasny_Bor,,1,10-13 February 1943,"Krasny Bor, near present-day Saint Petersburg, Russia",Axis Pyrrhic victory,Battle of Krasny Bor,Operation Polyarnaya Zvezda,Germany,Soviet Union,Georg Lindemann Emilio Esteban Infantes,Vladimir Sviridov Leonid Govorov Kliment Voroshilov,"Initially :
 
 250th: 5,900 infantry 
 4th SS: uncertain 
 Reinforcements : unknown","33,000 infantry 30 tanks 1,000 artillery pieces (Initially) 
 
 Total : 38,000 infantry 90 tanks","3,645 killed & wounded 300 missing (250th Infantry Division)","20,000+ casualties",,,,,,,
https://en.wikipedia.org/wiki/Ostrogozhsk-Rossosh_Operation,,0,13 January 1943[1] – 27 January 1943,"Ostrogozhsk, Rossosh",Soviet victory,Ostrogozhsk-Rossosh Operation,Eastern Front,Hungary   Italy,Soviet Union,Gusztáv Jány   Italo Gariboldi,Filipp Golikov   Pavel Rybalko,"260,000",unknown,"52,000 killed 71,000 captured","33,000 killed or wounded",,,,,,,
https://en.wikipedia.org/wiki/Battle_of_Voronezh_(1943),,0,24 January – 17 February 1943,"Voronezh, Kastornoye, Soviet Union",Soviet victory,Battle of Voronezh (1943),Eastern Front,Germany   Hungary,Soviet Union,Maximilian von Weichs   Hans von Salmuth   Gusztáv Jány,Aleksandr Vasilevsky   Filipp Golikov   Max Reyter,"327,900 men, 960 tanks","987,000 men, 2,100 tanks","91,000 KIA/WIA/MIA  143 tanks, 765 artillery pieces, 2,300 trucks [1]","13,876 KIA. [2]",,,,,,,
https://en.wikipedia.org/wiki/Third_Battle_of_Kharkov,,0,19 February  – 15 March 1943,"Kharkov, Ukrainian SSR, Soviet Union49°58′0″N 36°19′0″E﻿ / ﻿49.96667°N 36.31667°E﻿ / 49.96667; 36.31667Coordinates: 49°58′0″N 36°19′0″E﻿ / ﻿49.96667°N 36.31667°E﻿ / 49.96667; 36.31667",German victory,Third Battle of Kharkov,Eastern Front,Soviet Union,Germany,Filipp Golikov   Nikolay Vatutin K. Rokossovsky   Vasily Koptsov   †,Erich von Manstein Paul Hausser Hermann Hoth E. von Mackensen Theodor Eicke   †,"210,000 ( Operation Star ) [1]","70,000 (Operation Star) [1] 120,000 – 130,000 [2]  (German counterattack)","45,219 killed or missing 41,250 wounded [3] Total : 86,469 casualties","4,500 killed or missing (SS Panzer Corps) [4] 7,000 wounded [4] Total : 11,500 casualties (SS Panzer Corps)",,,,,,,
https://en.wikipedia.org/wiki/Battle_of_Prokhorovka,,2,12 July 1943[a],"Prokhorovka, Russian SFSR, Soviet Union51°2′11″N 36°44′11″E﻿ / ﻿51.03639°N 36.73639°E﻿ / 51.03639; 36.73639Coordinates: 51°2′11″N 36°44′11″E﻿ / ﻿51.03639°N 36.73639°E﻿ / 51.03639; 36.73639","Both sides failed to achieve their objectives:[1][2]

German tactical victory[3][4][5][6]
Soviet operational victory[7][8][9]",Battle of Prokhorovka,Battle of Kursk,Germany,Soviet Union,"Hermann Hoth 
 Paul Hausser 
 
 Otto Deßloch","Nikolai Vatutin 
 Pavel Rotmistrov 
 Alexei Zhadov 
 
 Stepan Krasovsky 
 Vladimir Sudets","German: 
 
 294 tanks and  assault guns [i]","Soviet: 
 
 616 tanks and  self-propelled guns [i]","German (on 12 July): [j] 
 
 43–80 tanks and assault guns destroyed or damaged 
 842 men killed, wounded and missing 
 19 aircraft destroyed or damaged [10]","Soviet (on 12 July): [j] 
 
 300–400 tanks and self-propelled guns destroyed or damaged 
 5,500 men killed, wounded and missing 
 14  fighter aircraft [10]",,,,,,,
https://en.wikipedia.org/wiki/Operation_Kutuzov,,2,12 July – 18 August 1943(1 month and 6 days),"Orel, Russian SFSR",Soviet victory,Operation Kutuzov,Battle of Kursk,Germany,Soviet Union,Walter Model   Lothar Rendulic   Günther von Kluge   Robert von Greim,Konstantin Rokossovsky   Ivan Bagramyan   Vasili Sokolovsky   Markian Popov,"300,700 men  [1]  625 tanks and  assault guns [1]  610 aircraft [1]  5,500 guns [1]","1,286,000 men [2]  2,409 tanks and  assault guns [2]    2,220 [3] –3,023 [2]  aircraft 26,379 guns [2]","86,454 men [4] 
 
 14,215 killed 
 11,300 missing 
 60,939 wounded 
unknown tanks [N 1] unknown guns  218 aircraft [6]","429,890 men [7] [8] 
 
 112,529 dead or missing 
 317,361 wounded or sick 
2,586 tanks destroyed [9] 892 guns lost [9] 1,014 aircraft destroyed [9]",,,,,,,
https://en.wikipedia.org/wiki/Battle_of_Lenino,,1,"October 12–13, 1943","Lenino, Byelorussian SSR, Soviet Union",Soviet-Polish offensive failureLimited territorial gains for the Soviet-Polish forces,Battle of Lenino,Battle of Smolensk (1943),Germany,Soviet Union   Poland,Gottfried Fröhlich,Vasiliy Nikolayevich Gordov   Zygmunt Berling,"Army Group Centre 
 
 German 4th Army",33rd Soviet Army Polish 1st Tadeusz Kościuszko Infantry Division,c. 1500,c. 3000,,,,,,,
https://en.wikipedia.org/wiki/Battle_of_Belgorod,,1,3 August 1943 – 23 August 1943,Belgorod,Soviet victory,Battle of Belgorod,Fourth Battle of Kharkov,Nazi Germany,Soviet Union,Erich von Manstein,Nikolai Vatutin     Ivan Konev,,,,,Unknown,,,,,,
https://en.wikipedia.org/wiki/Battle_of_Kiev_(1943),,1,3 November 1943 – 13 November 1943(Offensive operation) 13 November 1943 – 22 December 1943(Defensive operation),"Kiev, Soviet Union",Soviet victory,Battle of Kiev (1943),Battle of the Dnieper,Soviet Union   Czechoslovakia,Germany,Nikolai Vatutin,Hermann Hoth   Erhard Raus,"730,000 men [1] 7,000 guns and mortars 675 tanks and assault guns 700 combat aircraft",Unknown,"118,042 men [1] 
 
 28,141 killed, missing or captured 
 89,901 wounded or sick 
 271 tanks (3–13 November)
 
125 aircraft (3–13 November)","16,992 men [2] 
 
 2,628 killed 
 13,083 wounded 
 1,281 missing",,,,,,,
https://en.wikipedia.org/wiki/Concert_(operation),,0,,,,Concert (operation),Eastern Front,,,,,,,,,,,,,,,
https://en.wikipedia.org/wiki/Zhitomir%E2%80%93Berdichev_Offensive,,1,,,,Zhitomir–Berdichev Offensive,Dnieper–Carpathian Offensive,,,,,,,,,,,,,,,
https://en.wikipedia.org/wiki/Battle_of_the_Korsun%E2%80%93Cherkassy_Pocket,,1,24 January 1944 – 16 February 1944,"Cherkasy / Korsun, USSR",Soviet victory and successful encirclement.[1][2],Korsun Pocket,Dnieper–Carpathian Offensive,Germany,Soviet Union,Erich von Manstein Otto Wöhler   Hermann Breith Wilhelm Stemmermann   †,Georgy Zhukov   Nikolai Vatutin   Ivan Konev,"60,000 men in pocket  59  tanks  in pocket 242 artillery pieces in pocket [3] 80,000 men (reinforcement) III Panzer Corps (201 tanks) (reinforcement) [4] XLVII Panzer Corps (58 tanks) (reinforcement) [5]","336,700 men [6]  524 tanks (initially) 400 tanks (reinforcement) 1,054 aircraft 5,300 artillery pieces and mortars [7]","Frieser, Zetterling and Frankson : In the pocket: 
30,000 killed, captured and wounded [8] Outside the pocket: 1st Panzer Army - 4,181 men [9] VII Army Corps - 1,000 men [10] 8th Army - 4,500 men [11] Total:
~40,000 men 300 tanks and assault guns [12] 50 aircraft [13] Erickson, Glantz and House : 73,000
 
 55,000 killed and wounded 18,000 prisoners [14] [15]","80,188
 
 24,286 killed or missing 55,902 wounded and sick [16] [17]    728 tanks [18]",,,,,,,
https://en.wikipedia.org/wiki/Uman%E2%80%93Boto%C8%99ani_Offensive,,1,5 March – 17 April 1944,175-kilometre (109 mi) sector of the front between Uman and Kirovograd in western Ukraine,Decisive Soviet victory,Uman-Botoshany Offensive,Dnieper–Carpathian Offensive,Soviet Union,Germany   Romania,Ivan Konev,Erich von Manstein,"2nd Ukrainian Front 691,000 men 670 tanks and assault guns 8,890 artillery pieces","German 8th Army 400,000 men 450 tanks and assault guns 3,500 artillery pieces","121,204 overall [1] [2]","45,000 Germans killed  25,000 Germans captured 130,000 total German casualties excluding Romanians",,,,,,,
https://en.wikipedia.org/wiki/Kamenets-Podolsky_pocket,,1,25 March – 8 April 1944,"Kamianets-Podilskyi / Tarnopol, USSR",Strategic Soviet victory,Kamenets-Podolsky pocket,Dnieper–Carpathian Offensive,Germany   Hungary,Soviet Union,Erich von Manstein ( Army Group South )   Walther Model  ( Army Group North Ukraine )   Hans-Valentin Hube ( 1st Panzer Army )   Erhard Raus  ( 4th Panzer Army ),Georgi Zhukov ( 1st Ukrainian Front )   Ivan Koniev ( 2nd Ukrainian Front ),"220,000 men 43 tanks 50 assault guns",Unknown,"14,549 captured [1] 
 
45,000 overall in the pocket [2] , excluding the 4th Panzer Army",318 tanks and assault guns [3],,,,,,,
https://en.wikipedia.org/wiki/Leningrad%E2%80%93Novgorod_Offensive,,0,"January 14 – March 1, 1944","Southern Leningrad region, Novgorod, Pskov[1] and Narva","Soviet victory

Siege of Leningrad is lifted.",Leningrad–Novgorod Offensive,Eastern Front,Germany,Soviet Union,Georg von Küchler (Until February 1)   Walter Model (From February 1),Kirill Meretskov   Leonid Govorov,"500,000 men 2,389 artillery pieces 146 tanks 140 aircraft [2]","822,000 men 4,600 artillery pieces 550 tanks 653 aircraft [2]","24,739 dead and missing [3] 46,912 wounded [3]   Total:  71,651 casualties (per German military medical reports) [3]","76,686 dead and missing,  237,267 wounded [4] Total:  313,953 casualties [4]",,Recapture of the region by Soviets,,,,,
https://en.wikipedia.org/wiki/Korsun-Cherkassy_Pocket,,0,24 January 1944 – 16 February 1944,"Cherkasy / Korsun, USSR",Soviet victory and successful encirclement.[1][2],Korsun-Cherkassy Pocket,Eastern Front,Germany,Soviet Union,Erich von Manstein Otto Wöhler   Hermann Breith Wilhelm Stemmermann   †,Georgy Zhukov   Nikolai Vatutin   Ivan Konev,"60,000 men in pocket  59  tanks  in pocket 242 artillery pieces in pocket [3] 80,000 men (reinforcement) III Panzer Corps (201 tanks) (reinforcement) [4] XLVII Panzer Corps (58 tanks) (reinforcement) [5]","336,700 men [6]  524 tanks (initially) 400 tanks (reinforcement) 1,054 aircraft 5,300 artillery pieces and mortars [7]","Frieser, Zetterling and Frankson : In the pocket: 
30,000 killed, captured and wounded [8] Outside the pocket: 1st Panzer Army - 4,181 men [9] VII Army Corps - 1,000 men [10] 8th Army - 4,500 men [11] Total:
~40,000 men 300 tanks and assault guns [12] 50 aircraft [13] Erickson, Glantz and House : 73,000
 
 55,000 killed and wounded 18,000 prisoners [14] [15]","80,188
 
 24,286 killed or missing 55,902 wounded and sick [16] [17]    728 tanks [18]",,,,,,,
https://en.wikipedia.org/wiki/Krasnoye_Selo%E2%80%93Ropsha_Offensive,,1,14–30 January 1944,"Leningrad Oblast, Soviet Union",Soviet victory,Krasnoye Selo–Ropsha Offensive,Battle of Narva (1944),Germany,Soviet Union,Georg von Küchler,Leonid Govorov,One army 110 armoured vehicles,Three armies 681 armoured vehicles  1200 artillery [1],,,"21,000 all causes 85 artillery [2]",,,,,,
https://en.wikipedia.org/wiki/Kingisepp%E2%80%93Gdov_Offensive,,1,1 February—1 March 1944,"Leningrad region, Soviet Union; Narva, Estonia",Soviet victory,Kingisepp–Gdov Offensive,Battle of Narva (1944),Germany,Soviet Union,Georg Lindemann,Leonid A. Govorov,"One army: 100,000 personnel 1500 artillery 100 armoured vehicles 400 aircraft [1]",Two armies and the  Baltic Fleet,,,,,,,,,
https://en.wikipedia.org/wiki/Battle_of_Auvere,,2,"July 20–25, 1944","Auvere, EstoniaCoordinates: 59°21′02″N 27°55′50″E﻿ / ﻿59.35056°N 27.93056°E﻿ / 59.35056; 27.93056",German defensive victory,Battle of Auvere,Battle for Narva Bridgehead,"Germany 
 
 Estonian conscripts",Soviet Union,Felix Steiner,Filip Starikov,"17,100 personnel [1] [2] 4–6 batteries  49 dive bombers [2]","46,385 personnel [1] [2] 30–50 batteries 546 bombers [2]",200 dead 600 wounded [3],3000 all causes 17 fighters 29 tanks [3],,,,,,,
https://en.wikipedia.org/wiki/Narva_Offensive_(15%E2%80%9328_February_1944),,1,15 - 28 February 1944,"Narva, Estonia",German defensive victory,Narva Offensive (15–28 February 1944),Battle of Narva (1944),Germany,Soviet Union,Johannes Frießner,Leonid A. Govorov,"123,541 [1] 100 armoured vehicles 1,500 artillery pieces 400 aircraft [2]","200,000 [3]",unknown,unknown,,,,,,,
https://en.wikipedia.org/wiki/Narva_Offensive_(1%E2%80%934_March_1944),,1,1–4 March 1944,"Narva, Estonia",German defensive victory,Narva Offensive (1–4 March 1944),Battle of Narva (1944),Germany,Soviet Union,Johannes Frießner,Leonid A. Govorov,"123,541 [1]","200,000 [2] 100 armoured vehicles [3] 2,500 artillery pieces 800 aircraft [1]",thousands [2] [4],Many more than the Germans [2],,,,,,,
https://en.wikipedia.org/wiki/Battle_of_Tannenberg_Line,,2,25 July-10 August 1944,"Sinimäed Hills, Estonia59°22′32″N 27°51′17″E﻿ / ﻿59.37556°N 27.85472°E﻿ / 59.37556; 27.85472Coordinates: 59°22′32″N 27°51′17″E﻿ / ﻿59.37556°N 27.85472°E﻿ / 59.37556; 27.85472",Tactical German victory,Battle of Tannenberg Line,Narva Offensive (July 1944),Germany,Soviet Union,Felix Steiner     Fritz von Scholz    †,Leonid Govorov,"22,250 [1] 7 tanks [2] [3] 70–80 assault guns [3] 49 aircraft [4] [5]","136,830 troops [6] 150 armoured vehicles [7] 1,680 assault guns [7] 546 aircraft [4] [5]","Contemporary estimate : 2,500 killed or missing (German claim) 7,500 wounded or sick [8] 6 tanks [7] Total : 10,000","Contemporary estimate : 35,000 killed or missing (German claim) 135,000 wounded or sick [8] 157–164 tanks [7] Total : 170,000",,,,,,,
https://en.wikipedia.org/wiki/Kerch-Eltigen_Operation,,1,November 1943,"Kerch Peninsula, Soviet Union",Axis defensive victoryStrategic Soviet victory,Kerch-Eltigen Operation,Crimean Offensive (1944),Soviet Union,Germany   Romania,Ivan Petrov   Lev Vladimirsky,Erwin Jaenecke   Corneliu Teodorini,"150,000 [1] 45 assault guns [2]","75,000+ 582 guns","6,985 killed or missing [1] 20,412 sick or wounded [1] 38 tanks captured 25 anti-tank guns captured Total : 27,397 [1]",unknown,,,,,,,
https://en.wikipedia.org/wiki/Shyaulyay_Offensive,,0,"July 5, 1944 – August 29, 1944","Belorussian SSR, Lithuania, and Latvia56°N 24°E﻿ / ﻿56°N 24°E﻿ / 56; 24Coordinates: 56°N 24°E﻿ / ﻿56°N 24°E﻿ / 56; 24",Soviet victory,Shyaulyay Offensive,Eastern Front,Germany,Soviet Union,Georg-Hans Reinhardt ( Third Panzer Army ) Paul Laux  ( Sixteenth Army ),Hovhannes Bagramyan ( 1st Baltic Front ),,,,,,,,,,,
https://en.wikipedia.org/wiki/Battle_of_Someri,,0,8–10 July 1942,Sommers in Gulf of Finland60°12′25″N 27°38′35″E﻿ / ﻿60.207°N 27.643°E﻿ / 60.207; 27.643Coordinates: 60°12′25″N 27°38′35″E﻿ / ﻿60.207°N 27.643°E﻿ / 60.207; 27.643,Finnish victory,Battle of Someri,Eastern Front,Finland   Nazi Germany,Soviet Union,Unknown,Unknown,,,23 killed 68 wounded 2 gunboats damaged 2 minesweepers damaged [1] [2],7 patrol boats sunk [Notes 1] 5 aircraft shot down 128 killed 149 captured 200 drowned 1 gunboat damaged 1 minesweeper damaged 11 patrol boats damaged [1],,,unknown,,,,
https://en.wikipedia.org/wiki/Vyborg%E2%80%93Petrozavodsk_Offensive,,0,"June 10 – August 9, 1944[1]","Karelo-Finnish SSR, Leningrad Oblast","Initial Soviet tactical victory, ending in stalemate

Moscow armistice",Vyborg–Petrozavodsk Offensive,Eastern Front,Finland   Germany,Soviet Union,C.G.E. Mannerheim   Karl Lennart Oesch,Leonid Govorov   Kirill Meretskov,"75,000 soldiers (Karelian Isthmus, initially) 268,000 soldiers (after reinforcements both Karelian Isthmus and Karelian Front) 1,930 artillery pieces 110 tanks / assault guns (30–40 modern, StuG III, T-34, KV-1) 248 aircraft (only 50 were modern, Bf 109, Ju 88) [1]","451,500 soldiers (+5 new divisions were sent later to Karelian Isthmus) [2] 10,500 artillery pieces 800 tanks 1,600 aircraft [1]","Karelian Isthmus:  9,300 deceased and 32,400 wounded (June 9 – July 15) 3,000 captured (all fronts) Karelian Front:  3,600 deceased and 12,100 wounded (June 9 – July 15). Based on database of deceased Finnish military persons excluding non-battle deaths. Total:  12,932 soldiers deceased (June 9 – July 15 in all fronts and all military branches) and 2,786 (July 16 – August 9.) Deceased soldiers in all fronts  (June 9 – August 9, 1944): 10,008 KIA, 2,870 DIW (died in wounds), 2,802 MIA and confirmed deceased, 39 died in captivity, 726 non-combat deaths. [3]","Vyborg Offensive: Leningrad Front (10–20 June) 6,018 KIA & MIA 24,011 WIA & sick. Finnish estimation based on Soviet data and recalculations of losses including reinforcements and all units (Tapio Tiihonen, 2000): 60,000 KIA, WIA, MIA (52,000 losses of units and 8,000 losses of replacements.) [2] Svir-Petrozavodsk Offensive:  Karelian Front (21 June – 9 August) 16,924 KIA & MIA 46,679 WIA & sick. [2] Virojoki-Lappeenranta Offensive (Finnish estimate based on Soviet data):  Leningrad Front (21 June – 15 July) 15,000 KIA & MIA 53,000 WIA & sick. Finnish estimation (Tapio Tiihonen, 2000): 129,000 KIA, WIA, MIA (based on recalculation of Soviet data, units, reinforcements. Tiihonen found contradictory information there.) Total military losses of Soviet offensive in Karelian Isthmus:  (June 9 – July 18): 189,000 KIA, WIA and MIA [4] [5] Baltic Fleet and Lake Ladoga / Lake Onega Detachments  (Whole duration) 732 KIA & MIA 2,011 WIA & sick. [2] [Notes 1] [Notes 2]",,Soviets recapture East Karelia and southern Karelian Isthmus.,,,,,
https://en.wikipedia.org/wiki/Vitebsk%E2%80%93Orsha_Offensive,,1,23–28 June 1944,Belorussian SSR55°12′N 30°12′E﻿ / ﻿55.2°N 30.2°E﻿ / 55.2; 30.2Coordinates: 55°12′N 30°12′E﻿ / ﻿55.2°N 30.2°E﻿ / 55.2; 30.2,Soviet victory,Vitebsk–Orsha Offensive,Operation Bagration,Nazi Germany,Soviet Union,Georg-Hans Reinhardt  ( Third Panzer Army ) Kurt von Tippelskirch  ( Fourth Army ),Hovhannes Bagramyan  ( 1st Baltic Front ) Ivan Chernyakhovsky  ( 3rd Belorussian Front ),14 infantry divisions 2 panzer divisions (exact number of troops unknown),?,"41,700 killed 126 tanks and assault guns destroyed 1,840 armored vehicles 17,800 taken prisoner {{ Citation needed }}","11,014 killed  318 tanks destroyed 113 aircraft shot down {{ Citation needed }}",,,,,,,
https://en.wikipedia.org/wiki/Mogilev_Offensive,,1,"June 23, 1944 – June 28, 1944",Belorussian SSR53°54′N 30°12′E﻿ / ﻿53.9°N 30.2°E﻿ / 53.9; 30.2Coordinates: 53°54′N 30°12′E﻿ / ﻿53.9°N 30.2°E﻿ / 53.9; 30.2,Soviet Victory,Mogilev Offensive,Operation Bagration,Nazi Germany,Soviet Union,Kurt von Tippelskirch  ( Fourth Army ),Georgiy Zakharov ( 2nd Belorussian Front ),?,?,"33,000 killed, 3,250 POW (Soviet est) [1]",?,,,,,,,
https://en.wikipedia.org/wiki/Bobruysk_Offensive,June 1944,1,23–28 June 1944,Belorussian SSR53°06′N 29°12′E﻿ / ﻿53.1°N 29.2°E﻿ / 53.1; 29.2Coordinates: 53°06′N 29°12′E﻿ / ﻿53.1°N 29.2°E﻿ / 53.1; 29.2,Soviet Victory,Bobruysk Offensive,Operation Bagration,Germany,Soviet Union,Hans Jordan  ( Ninth Army ),Konstantin Rokossovsky ( 1st Belorussian Front ),"90,000",?,"50,000 killed, 20,000 captured, 12,000 escaped encirclement",?,,,,,,,
https://en.wikipedia.org/wiki/Minsk_Offensive,,1,29 June — 4 July 1944,Belorussian SSR,Soviet Victory,Minsk Offensive,Operation Bagration,Germany,Soviet Union,Walter Model ( Army Group Centre )   Kurt von Tippelskirch   Dietrich von Saucken   Vincenz Müller  (elements of  Fourth Army ),Ivan Chernyakhovsky ( 3rd Belorussian Front )     Konstantin Rokossovsky ( 1st Belorussian Front )     Georgiy Zakharov ( 2nd Belorussian Front )     Hovhannes Bagramyan ( 1st Baltic Front ),unknown,unknown,"100,000 troops caught in encirclement (40,000 killed or missing, rest either wounded or captured)",unknown,,,,,,,
https://en.wikipedia.org/wiki/Polotsk_Offensive,,1,"June 29, 1944 – July 4, 1944",Belorussian SSR,Soviet Victory,Polotsk Offensive,Operation Bagration,Nazi Germany,Soviet Union,Georg-Hans Reinhardt  ( Third Panzer Army ) Rolf Wuthmann  ( IX Corps ),Hovhannes Bagramyan ( 1st Baltic Front ),?,?,"37,000 dead, 7,000 POW (Soviet est) [1]",?,,,,,,,
https://en.wikipedia.org/wiki/%C5%A0iauliai_Offensive,,1,"July 5, 1944 – August 29, 1944","Belorussian SSR, Lithuania, and Latvia56°N 24°E﻿ / ﻿56°N 24°E﻿ / 56; 24Coordinates: 56°N 24°E﻿ / ﻿56°N 24°E﻿ / 56; 24",Soviet victory,Šiauliai Offensive,Operation Bagration,Germany,Soviet Union,Georg-Hans Reinhardt ( Third Panzer Army ) Paul Laux  ( Sixteenth Army ),Hovhannes Bagramyan ( 1st Baltic Front ),,,,,,,,,,,
https://en.wikipedia.org/wiki/Vilnius_Offensive,,1,July 1944,Belarus (Minsk Region) and Lithuania (Vilnius Region and Alytus Region)54°40′N 25°15′E﻿ / ﻿54.667°N 25.250°E﻿ / 54.667; 25.250Coordinates: 54°40′N 25°15′E﻿ / ﻿54.667°N 25.250°E﻿ / 54.667; 25.250,Soviet victory,Vilnius Offensive,Operation Bagration,Soviet Union,Germany,Ivan Chernyakhovsky   Pavel Rotmistrov,Walter Model   Dietrich von Saucken   Rainer Stahel   Theodor Tolsdorff,"~100,000","7,700","50-70 tanks
 
?","8,000 killed; 5,000 captured in Vilnius alone (Soviet est)",,,,Polish  Home Army,Aleksander Krzyżanowski   Antoni Olechnowicz,"4,200",500
https://en.wikipedia.org/wiki/Belostock_Offensive,July 1944,1,5–27 July 1944,Poland,Soviet victory,Belostock Offensive,Operation Bagration,Nazi Germany,Soviet Union,Helmuth Weidling  (remnants of  Fourth Army ) Walter Weiß  (elements of  Second Army ),Georgy Zakharov ( 2nd Belorussian Front ),?,?,"30,000 killed, 1,011 POW (Soviet est) [1]",?,,,,,,,
https://en.wikipedia.org/wiki/Lublin%E2%80%93Brest_Offensive,,1,"18 July - 2 August 1944 (primary operation), 30 September 1944 (secondary operation)",Eastern Poland and Western Belarus,Soviet victory,Lublin–Brest Offensive,Operation Bagration,Germany   Romania,Soviet Union   Poland,Josef Harpe  ( Army Group North Ukraine )   Georg Hans Reinhardt  ( Army Group Centre ),Konstantin Rokossovsky  ( 1st Belorussian Front ),,,,,,,,,,,
https://en.wikipedia.org/wiki/Kaunas_Offensive,,1,"July 28 - August 28, 1944","Kaunas area, Lithuania54°55′N 24°00′E﻿ / ﻿54.917°N 24.000°E﻿ / 54.917; 24.000Coordinates: 54°55′N 24°00′E﻿ / ﻿54.917°N 24.000°E﻿ / 54.917; 24.000",Soviet victory,Kaunas Offensive,Operation Bagration,Germany,Soviet Union,Walter Model ( Army Group Centre ),Ivan Chernyakhovsky ( 3rd Belorussian Front ),,,,,,,,,,,
https://en.wikipedia.org/wiki/Osovets_Offensive,,1,"August 6, 1944 – August 14, 1944",Poland,,Osovets Offensive,Operation Bagration,Nazi Germany,Soviet Union,"Helmuth Weidling , Friedrich Herrlein",Gyorgy Zakharov ( 2nd Belorussian Front ),?,?,?,?,,,,,,,
https://en.wikipedia.org/wiki/Battle_of_Tali-Ihantala,,0,"June 25 to July 9, 1944",60°46′N 28°53′E﻿ / ﻿60.767°N 28.883°E﻿ / 60.767; 28.883﻿ (Battle of Tali-Ihantala)Coordinates: 60°46′N 28°53′E﻿ / ﻿60.767°N 28.883°E﻿ / 60.767; 28.883﻿ (Battle of Tali-Ihantala)Karelian Isthmus,Finnish victory[1][2][3],Battle of Tali-Ihantala,Eastern Front,Finland Supported by:   Nazi Germany,Soviet Union,C.G.E. Mannerheim   Karl Lennart Oesch   Kurt Kuhlmey,Leonid Govorov   Dmitry Gusev   Aleksandr Cherepanov,"50,000 [4] [5]  4,000 [6]","150,000 [5] [7] [8] [6] Soviet sources: 48,000–60,000 [9]","Finnish:  c. 8,750 total
 
 1,350 killed [6] 
 1,100 missing [6] 
 6,300 wounded [5] 
 3 tanks destroyed  [10] 
 12 aircraft [10] 
   German: 
 
 33 aircraft [10]","Finnish estimate: 600 tanks [11] 284–320 aircraft [5] Later Finnish estimate : 21st Army: estimated 4,500–5,500 killed 13,500–14,500 wounded [12] [13] [ verification needed ] 23rd Army: 1,458 killed, 288 missing, 6,159 wounded [14] 27,500 total casualties",,,,,,,
https://en.wikipedia.org/wiki/Battle_of_the_Bay_of_Viipuri,June–July 1944,0,"June 30 – July 10, 1944",Viborg Bay60°35′N 28°30′E﻿ / ﻿60.583°N 28.500°E﻿ / 60.583; 28.500Coordinates: 60°35′N 28°30′E﻿ / ﻿60.583°N 28.500°E﻿ / 60.583; 28.500,"Finnish/German defensive victory[1]

Minor Soviet strategic victory",Battle of the Bay of Viipuri,Eastern Front,Soviet Union,Finland       Nazi Germany,Leonid Govorov   Vladimir Tributs,Pekka Enkainen   Hero Breusing,,,,,,Soviets capture the main Viborg Bay islands,,,,,
https://en.wikipedia.org/wiki/Lvov%E2%80%93Sandomierz_Offensive,,0,13 July 1944 – 29 August 1944,Western Ukraine/Eastern Poland,Allied victory,Lvov–Sandomierz Offensive,Eastern Front,Germany   Hungary,Soviet Union   Poland   Armia Krajowa ( 23-27 July ),Josef Harpe ( Army Group North Ukraine ),Ivan Konev ( 1st Ukrainian Front ),"900,000 men 900 AFVs 6,300 guns [1]","1,002,200 men [2] 1,979 AFVs 11,265 guns","55,000 killed, missing and captured 136,860 overall [3]","65,001 killed, missing or captured 224,295 wounded 289,296 overall 1,269 tanks and SP guns  289 aircraft [2]",,,,,,,
https://en.wikipedia.org/wiki/Battle_of_Radzymin_(1944),,0,1–10 August 1944,"near Radzymin, Poland",German victory,Battle of Radzymin (1944),Eastern Front,Germany,Soviet Union,Dietrich von Saucken,Alexei Radzievsky,XXXIX Panzer Corps,2nd Guards Tank Army,,,,,,,,,
https://en.wikipedia.org/wiki/Warsaw_Uprising,,0,1 August – 2 October 1944 (63 days),"Warsaw, Poland52°13′48″N 21°00′39″E﻿ / ﻿52.23000°N 21.01083°E﻿ / 52.23000; 21.01083Coordinates: 52°13′48″N 21°00′39″E﻿ / ﻿52.23000°N 21.01083°E﻿ / 52.23000; 21.01083","German victory

Capitulation agreement of AK units",Warsaw Uprising,Eastern Front,"Polish Underground State 
 
   Home Army 
   Polish Army in the East (from 14 September) [1] 
 
 
 Supported by: 
   United Kingdom (4 August – 21 September) 
   United States (only on 18 September) 
   South Africa [2] 
   Soviet Union (limited aid) 
   Hungary (logistic and medical support)","Germany 
 
   General Government",T. Bór-Komorowski   ( POW )   Tadeusz Pełczyński   ( POW )   Antoni Chruściel   ( POW )   Karol Ziemski   ( POW )   Edward Pfeiffer   ( POW )   Leopold Okulicki   Jan Mazurkiewicz     Zygmunt Berling   K.K. Rokossovsky,Walter Model   Nikolaus von Vormann   Rainer Stahel   E. v.d. Bach-Zelewski   Heinz Reinefarth   Bronislav Kaminski   Oskar Dirlewanger   Petro Dyachenko   Robert R. von Greim,"20,000 [3] –49,000 [4]  
2,500 equipped with guns (initially)
 
 Multiple improvised armored vehicles 
 2 captured Panther tanks 
 Warsaw Airlift: 
   US Army Air Force 
 
 107 B-17s, P-51 Mustangs","13,000 [5] –25,000 [6]  (initially)
Throughout the course of uprising: ~ 50,000 [ citation needed ] 
 
 Dozens of tanks 
   Luftwaffe 
 Multiple Junkers Ju 87s","Polish resistance :   15,200 killed and missing [7]   
5,000  WIA [7]    15,000  POW  (Incl. capitulation agreement) [7]   
 
 
 Polish First Army : 5,660 casualties [7] 
 
 Warsaw Airlift : 41 destroyed aircraft (360 aircrew killed)","German forces :  2,000–17,000 [8] [9] [10] [11]  killed and missing   9,000 WIA",,Destruction of the city,,,,,
https://en.wikipedia.org/wiki/Battle_of_Studzianki,,0,"August 9–16, 1944","Studzianki, Poland",Soviet-Polish victory,Battle of Studzianki,Eastern Front,Germany,Soviet Union     Poland,Gen.Maj.  Schmalz,2nd Lt. Świetana,3 divisions,Polish 1st Armoured Brigade     8th Soviet Army,"At least 40 tanks, 26 guns and mortars, 9 APCs  
 
 ~1,000 Casualties (Killed, Wounded and Captured)","27 tanks 
 
~2,000 Casualties (Killed, Wounded and Missing)",,,,,,,
https://en.wikipedia.org/wiki/Operation_Doppelkopf,,0,16 August 1944 – 27 August 1944,Western Latvia55°50′N 23°10′E﻿ / ﻿55.833°N 23.167°E﻿ / 55.833; 23.167Coordinates: 55°50′N 23°10′E﻿ / ﻿55.833°N 23.167°E﻿ / 55.833; 23.167,Inconclusive,Operation Doppelkopf,Eastern Front,Germany,Soviet Union,Georg-Hans Reinhardt ( Army Group Centre )   Erhard Raus ( Third Panzer Army ),Ivan Chernyakhovsky ( 3rd Belorussian Front )   Hovhannes Bagramyan ( 1st Baltic Front ),,,,,,,,,,,
https://en.wikipedia.org/wiki/First_Battle_of_T%C3%A2rgu_Frumos,,4,9–12 April 1944,Eastern Romania,Axis victory[1][2],First Battle of Târgu Frumos,Battle of Târgul Frumos,"Germany 
   Romania",Soviet Union,"Otto Wöhler 
 Hasso von Manteuffel 
   Mihai Racoviţǎ","Ivan Konev 
 Semen Bogdanov 
 Filipp Zhmachenko 
 Sergei Trofimenko","1  Panzergrenadier  Division [3] 
 2  Armoured  Divisions [4] 
 3  Infantry  Divisions [5]","14 Rifle Divisions [6] 
 1 Airborne Division [7] 
 elements of a Tank army [4]",unknown [a],unknown,,,,,,,
https://en.wikipedia.org/wiki/Second_Battle_of_T%C3%A2rgu_Frumos,,4,2–8 May 1944[1],Eastern Romania,Axis victory,Second Battle of Târgu Frumos,Battle of Târgul Frumos,Germany   Romania,Soviet Union,Ferdinand Schoerner   Mihai Racoviță,Ivan Konev,,,unknown,unknown,,,,,,,
https://en.wikipedia.org/wiki/Slovak_National_Uprising,,0,29 August – 28 October 1944,Slovakia,"German and collaborator victory 

Continued partisan resistance",Slovak National Uprising,Eastern Front,"Germany   Slovak Republic 
 
   POHG","First Czechoslovak Army in Slovakia  [ cs ] 
 
   Slovak Insurgent Air Force 
   Soviet Air Force   US Army Air Force",Gottlob Berger   Hermann Höfle   Štefan Haššík   Otomar Kubala,Ján Golian   †   Rudolf Viest   †,"40,000, later increased to 83,000","18,000 initially, later increased to 78,000","4200 killed, 5,000 wounded, 300 captives","12,000 KIA and murdered in reprisals",,,,,,,
https://en.wikipedia.org/wiki/Battle_of_the_Dukla_Pass,,0,8 September – 28 October 1944,"Dukla Pass, present-day Slovakia-Poland border","Soviet and Czechoslovak tactical victory

Soviet failure to join Slovak rebel troops
Axis withdrawal from the area",Battle of the Dukla Pass,Eastern Front,Germany   Hungary,Soviet Union   Czechoslovakia,Gotthard Heinrici   Béla Miklós  (8-16 Sept 1944)   Dezső László  (16 Sept-28 Oct 1944),Ivan Konev   Andrei Grechko   Kirill Moskalenko   Ludvík Svoboda,"100,000 soldiers 2,000 artillery pieces 350 tanks","378,000 men [1] 16,700 Czechoslovak soldiers 1,517 artillery pieces 1,724 mortars 1,000 tanks","61,000 (Czech estimates) [2] 70,000 (modern Russian estimates) [3]","10,060 killed 41,387 wounded 13,548 sick 1,806 missing [4] (modern Czech estimates) 131,000 [1] (German historian Freiser)",,,,,,,
https://en.wikipedia.org/wiki/Riga_Offensive_(1944),,1,"September 14 - October 24, 1944","Latvia, Estonia",Soviet victory,Riga Offensive (1944),Baltic Offensive,Germany,Soviet Union,Ferdinand Schörner,Ivan Bagramyan Andrei Yeremenko   Ivan Maslennikov,,,,,,,,,,,
https://en.wikipedia.org/wiki/Battle_of_Porkuni,,2,"September 21, 1944","Porkuni, Viru County, EstoniaCoordinates: 59°10′40″N 26°09′37″E﻿ / ﻿59.17778°N 26.16028°E﻿ / 59.17778; 26.16028",Soviet victory,Battle of Porkuni,Tallinn Offensive,Estonian conscripts,Soviet Union,Juhan Vermet,August Feldman,"1,500","10,000","500 dead,  700 captured [1]","~1,000",,,,,,,
https://en.wikipedia.org/wiki/Moonsund_Landing_Operation,,1,"September 29, 1944 – November 24, 1944","West Estonian archipelago (Moonsund archipelago), Estonia",Soviet victory,Moonsund Landing Operation,Baltic Offensive,Germany,Soviet Union   Finland [1],Ferdinand Schörner,Leonid Govorov,"18,000",unknown,"7,000 killed 700 captured 1,400 horses killed Total : 13,500 casualties",unknown,,,,,,,
https://en.wikipedia.org/wiki/Battle_of_Memel,,1,5–22 October 1944 (main offensive); 28 January 1945 (end of siege),Klaipėda (Lithuania / East Prussia)55°40′N 21°30′E﻿ / ﻿55.667°N 21.500°E﻿ / 55.667; 21.500Coordinates: 55°40′N 21°30′E﻿ / ﻿55.667°N 21.500°E﻿ / 55.667; 21.500,Soviet victory,Battle of Memel,Baltic Offensive,Germany,Soviet Union,Erhard Raus ( Third Panzer Army ) Hans Gollnick ( XXVIII Corps ),Hovhannes Bagramyan ( 1st Baltic Front ),,,,,,,,,,,
https://en.wikipedia.org/wiki/Belgrade_Offensive,,0,15 September 1944 – 24 November 1944[2],"Belgrade, Yugoslavia",Allied victory,Belgrade Offensive,Eastern Front,Allies     Soviet Union   Yugoslav Partisans   Bulgaria,"Axis   Germany 
 
   Government of National Salvation [1]",Fyodor Tolbukhin   Nikolai Gagen   Vladimir Zhdanov   Peko Dapčević   Danilo Lekić   Vladimir Stoychev   Kiril Stanchev   Asen Sirakov,Maximilian von Weichs   Wilhelm Schneckenburger   †   Hans Felber   Alexander Löhr,"580,000 troops 3,640 artillery pieces 520 tanks and assault guns 1,420 aircraft 80 ships","150,000 troops (mostly 2nd tier infantry & non-German support troops) 2,100 artillery pieces 125 tanks and assault guns 350 aircraft 70 ships","Soviets : 4,350 killed or missing 14,488 wounded or sick 18,838 overall [3] 
 Bulgarian Army : Over 3,000 killed [4] 
 
 Yugoslav Partisans : 2,953 dead (assault on Belgrade only) [5]","45,000 [ citation needed ]",,,,,,,
https://en.wikipedia.org/wiki/Operation_Nordlicht_(1944-1945),,0,,,,Operation Nordlicht (1944-1945),Eastern Front,,,,,,,,,,,,,,,
https://en.wikipedia.org/wiki/Battle_of_Debrecen,,0,6–29 October 1944,"Nagyvárad / Debrecen / Nyíregyháza, Kingdom of Hungary","Inconclusive

Axis tactical success
Strategic Soviet victory",Battle of Debrecen,Eastern Front,Germany   Hungary,Soviet Union   Romania,"Johannes Friessner ( Army Group South )   Maximilian Fretter-Pico  ( 6th Army )
 
   József Heszlényi","Rodion Malinovsky ( 2nd Ukrainian Front )
 
   Nicolae Macici        ( 1st Army )","1 October: [1] 31 divisions and brigades  240,952 men  190,000 men 293 tanks and assault guns 3,500 guns and mortars 741 aircraft","1 October: [1] 84 divisions and brigades  698,200 men  167,306 men 825 tanks and assault guns 10,238 guns and mortars 1,216 aircraft","~15,000 killed or wounded  20,000 killed or wounded Total:  53,000 men  (including ~18,000 POW) ~200 tanks lost  490 guns lost [2] [nb 1] [3]","19,713 killed or missing and 64,297 wounded or sick [4]  33,500 killed or wounded [nb 2] Total:  117,360 men (including 5,073 POW) ~500 tanks lost  1,656 guns lost",,,,,,,
https://en.wikipedia.org/wiki/Operation_Panzerfaust,,0,15–16 October 1944,"Budapest, Kingdom of Hungary",Overthrow of Regent Miklós HorthyPro-Nazi Arrow Cross Party came to powerBeginning of the Holocaust in Hungary,Operation Panzerfaust,Eastern Front,Hungary,Nazi Germany   Arrow Cross Party,Miklós Horthy Géza Lakatos Lajos Csatay János Vörös Béla Miklós Lajos Veress,Edmund Veesenmayer Otto Skorzeny Ferenc Szálasi Károly Beregfy Iván Hindy,,,,,,,,,,,
https://en.wikipedia.org/wiki/Courland_Pocket,,0,9 October 1944 – 10 May 1945,"Reichskommissariat Ostland
Generalbezirk Latvia
Kreisgebiete Liepāja
Kreise Aizpute
Kreise Kuldīga
Kreise Liepāja
Kreise Liepāja (city)
Kreise Talsi
Kreise Ventspils
Kreisgebiete Jelgava
Kreise Jelgava
Kreise Tukums
Generalbezirk Lithuania
Kreisgebiete Šiauliai
Kreise Kretinga
Kreise Mažeikiai",Stalemate followed by the unconditional surrender of German forces in Courland on 8 and 9 May 1945.,Courland Pocket,Eastern Front,Germany,Soviet Union,Ferdinand Schörner Lothar Rendulic Heinrich von Vietinghoff Carl Hilpert Walter Krüger,Ivan Bagramyan Andrey Yeryomenko Leonid Govorov,,,"October 1944–8 May 1945 117,871 killed, wounded and missing (39,537 in February–March 1945) [1] 189,112 captured on 9 May 1945 [1]","2nd Baltic Front only: 16 Feb.–8 May 1945 160,948 men [2] [1]",,,,,,,
https://en.wikipedia.org/wiki/Gumbinnen_Operation,,0,16–30 October 1944,East Prussia,German victory,Gumbinnen Operation,Eastern Front,Germany,Soviet Union,Friedrich Hoßbach,Ivan Chernyakhovsky,"318 tanks, assault guns and tank destroyers [1]","377,300 men [2]","16,236 - 57 000 men [2] [3] 
 
 6,801- 40 000 killed or missing - [4] 
 9,435 wounded 
115 tanks and assault guns destroyed [2]","79,527 men [2] 
 
 16,819 killed or missing 
 62,708 wounded 
914 tanks and assault guns destroyed [2]",,,,,,,
https://en.wikipedia.org/wiki/Operation_Konrad,,2,,,,Operation Konrad,Siege of Budapest,,,,,,,,,,,,,,,
https://en.wikipedia.org/wiki/Battle_of_Pozna%C5%84_(1945),,1,24 January – 23 February 1945,"Poznań (Posen) and nearby area, Poland",Soviet victory,Battle of Poznań (1945),Vistula–Oder Offensive,Soviet Union   Poland,Nazi Germany   Hungary,Mikhail Katukov   Vasily Chuikov,Ernst Mattern   Ernst Gonell   †,"100,000 Soviet soldiers 5,000 Polish soldiers","15,700 fortress garrison soldiers 22,600 regular field soldiers 11,600 auxiliary forces 8,000 Volkssturm 1,100 Hungarian soldiers and mobilised Polish citizens 25,000 SS and Police soldiers","10,000 Soviet KIA 700 Polish KIA","6,000 German KIA 100 Hungarian KIA 23,000 POW",,,,,,,
https://en.wikipedia.org/wiki/Heiligenbeil_Pocket,,1,26 January – 29 March 1945,East Prussia,Soviet victory,Heiligenbeil Pocket,East Prussian Offensive,Nazi Germany,Soviet Union,Friedrich Hossbach  ( 4th Army  until January 29)   Friedrich Müller  ( 4th Army  from January 29),Konstantin Rokossovsky ( 2nd Belorussian Front )     Ivan Chernyakhovsky ( 3rd Belorussian Front  until February 18 – KIA that day)    Aleksandr Vasilevsky  ( 3rd Belorussian Front  from February 19),"?150,000",?,"80,000 killed 50,000 captured 605 tanks 128 planes (According to Soviet information)  [1]","146,780 killed, 97,553 sick or wounded, 2000 tanks and sp guns (estimated) [ citation needed ]",,,,,,,
https://en.wikipedia.org/wiki/Battle_of_K%C3%B6nigsberg,,1,Late January to 9 April 1945Final assault 6 April – 9 April,"Königsberg, Germany (now: Kaliningrad, Russia)",Soviet victory,Battle of Königsberg,East Prussian Offensive,Germany,Soviet Union,Otto Lasch   ( POW ),Aleksandr Vasilyevskiy Ivan Bagramyan Konstantin Rokossovskiy,"60,000 [1] –130,000, 4,000 artillery guns and mortars, 108 tanks and assault guns, 170 aircraft [2]","137,000 (24,500 participated in active phase with rest supporting), 5,200 artillery guns and mortars, 528 tanks and SPG, 2174 aircraft [2]","50,000 casualties 80,000 taken prisoner According to Soviet information, the Germans lost 42,000 soldiers in combat and 92,000 were captured. [3]","3,700 casualties for the final assault [2]",,,,,,,
https://en.wikipedia.org/wiki/Defense_of_Schwedt_Bridgehead,,0,"February 1 – March 3, 1945","Schwedt, Germany",Successful Soviet deception,Defense of Schwedt Bridgehead,Eastern Front,9th Army Germany,"2nd Belorussian Front, Soviet Union",Heinrich Himmler Otto Skorzeny,Konstantin Rokossovsky,"Originally a  Kampfgruppe , later XI SS Panzer Corps","Deception by 2nd Guards Tank Army, supported by 61st and 49th Armies",,,,,,,,,
https://en.wikipedia.org/wiki/Siege_of_Breslau,February–May 1945,2,"13 February 1945 – 6 May 1945 (2 months, and 24 days)","Breslau, Nazi Germany, now Wrocław, Poland51°07′N 17°02′E﻿ / ﻿51.117°N 17.033°E﻿ / 51.117; 17.033Coordinates: 51°07′N 17°02′E﻿ / ﻿51.117°N 17.033°E﻿ / 51.117; 17.033","Soviet victory

Unconditional surrender of the city Breslau garrison on 6 May, followed by the unconditional surrender of all German forces two days after (see end of World War II in Europe)",Siege of Breslau,Lower Silesian Offensive,Soviet Union,Germany,"6th Army : 
  Vladimir A. Gluzdovskii","Festung Breslau: 
   Hans von Ahlfen 
   Hermann Niehoff","87,334","50,000","60,000 
 
 13,000 dead 
 47,000 wounded","29,000 
 
 6,000 dead 
 23,000 wounded 
80,000 civilian deaths",,,,,,,
https://en.wikipedia.org/wiki/Upper_Silesian_Offensive,,1,15–31 March 1945,"Upper Silesia, Germany",Soviet victory,Upper Silesian Offensive,Silesian Offensives,Germany,Soviet Union,Ferdinand Schoerner,Ivan Konev,unknown,"408,400 [1]",unknown,"66,801 (including 15,876 irrecoverable) [1]",,,,,,,
https://en.wikipedia.org/wiki/Operation_Solstice,,0,15–18 February 1945,"Stargard, Pomerania, Germany53°12′00″N 15°01′12″E﻿ / ﻿53.20000°N 15.02000°E﻿ / 53.20000; 15.02000Coordinates: 53°12′00″N 15°01′12″E﻿ / ﻿53.20000°N 15.02000°E﻿ / 53.20000; 15.02000","German failure
Soviet offensive on Berlin delayed for two months",Operation Solstice,Eastern Front,Germany,Soviet Union,Walther Wenck Felix Steiner,Georgy Zhukov,7  panzer  and  Panzergrenadier  divisions [1],1st Belorussian Front [1],,,,,,,,,
https://en.wikipedia.org/wiki/Battle_of_Kolberg_(1945),,1,"March 4–18, 1945","Kolberg, Pomerania, Germany(now Kołobrzeg, Poland)",Soviet and Polish victory,Battle of Kolberg,East Pomeranian Offensive,Germany,Soviet Union   Poland,Fritz Fullriede,Stanislav Poplavsky,"10,000","28,000+","KIA: unknown ~2,000 captured","1,206 killed and missing",,,,,,,
https://en.wikipedia.org/wiki/Battle_of_the_Transdanubian_Hills,,1,6–21 March 1945,Drava river valley and Transdanubian Hills,Allied victory,Battle of the Transdanubian Hills,Operation Spring Awakening,Bulgaria       Soviet Union   Yugoslavia,Germany,Vladimir Stoychev   Mikhail Sharokhin [1]   Kosta Nađ,Maximilian de Angelis   Werner von Erdmannsdorff,Bulgarian 1st Army Soviet 57th Army Yugoslav 3rd Army,2nd Panzer Army LXXXXI Corps,"2,500","10,000",,,,,,,
https://en.wikipedia.org/wiki/Operation_Margarethe,,0,,,,Operation Margarethe,Eastern Front,,,,,,,,,,,,,,,
https://en.wikipedia.org/wiki/Nagykanizsa%E2%80%93Kermend_Offensive,,0,26 March – 15 April 1945,Western Hungary,Bulgarian-Soviet victory,Nagykanizsa–Kermend Offensive,Eastern Front,Bulgaria   Soviet Union     Yugoslav Partisans,Germany   Hungary   Croatia,Vladimir Stoychev   Mikhail Sharokhin,Otto Wöhler,"1st Bulgarian Army 
 57th Army 
 6th Guards Rifle Corps 
 64th Rifle Corps 
 133rd Rifle Corps 
 27th Army 
 Yugoslav Partisans","2nd Panzer Army 
 LXVIII Army Corps 
 XXII Mountain Corps 
 Hungarian Units 
 Croatian Units",,,,,,,,,
https://en.wikipedia.org/wiki/Vienna_Offensive,,0,2 April – 13 April 1945(1 week and 4 days),"Vienna, Nazi Germany",Soviet and Bulgarian victory,Vienna Offensive,Eastern Front,Germany   Hungary,Soviet Union   Bulgaria,Rudolf von Bünau   Wilhelm Bittrich,Fyodor Tolbukhin   Vladimir Stoychev,"16 March: [1] 25 divisions 270,000 men 772 tanks and assault guns 957 armored personnel carriers 434 guns","16 March: [1] 77 divisions 1,171,800 men 1,600 tanks and assault guns 5,425 guns","16 March-15 April:  ~30,000 killed 125,000 captured [2] 1,345 tanks and assault guns lost [3] [a] 2,250 guns and mortars lost [3]","16 March-15 April:  167,940 overall 38,661 killed 129,279 wounded 603 tanks and assault guns lost [3] 764 guns and mortars lost [3] [5] [b]",,,,,,,
https://en.wikipedia.org/wiki/Samland_Offensive,,0,"April 13, 1945 – April 25, 1945","Sambia, East Prussia (now Kaliningrad Oblast)",Soviet Victory,Samland Offensive,Eastern Front,Nazi Germany,Soviet Union,Hans Gollnick ( Army Detachment Samland ) Dietrich von Saucken ( Armee Ostpreußen ),Hovhannes Bagramyan ( Zemland Group of Forces ),,,"Soviet claim:  80,000 KIA or POW",Unknown,,,,,,,
https://en.wikipedia.org/wiki/Battle_of_the_Seelow_Heights,,2,16–19 April 1945,"Seelow Heights, Province of Brandenburg, Prussia, Germany52°31′47.3″N 14°25′33.9″E﻿ / ﻿52.529806°N 14.426083°E﻿ / 52.529806; 14.426083Coordinates: 52°31′47.3″N 14°25′33.9″E﻿ / ﻿52.529806°N 14.426083°E﻿ / 52.529806; 14.426083","Soviet/Polish victory, Complete encirclement of German capital",Battle of the Seelow Heights,Battle of the Oder-Neisse,Soviet Union   Poland,Germany,Georgy Zhukov   Vasily Chuikov,Gotthard Heinrici   Ferdinand Schörner,"1,000,000 men 3,059 tanks 16,934 guns and mortars","112,143 men 587 tanks 2,625 guns","30,000–33,000 killed [1] [2] 
 
Estimate based on Soviet data: 5,000–6,000 killed and missing out of ~20,000 total casualties [3]","12,000  killed [1]",,,,,,,
https://en.wikipedia.org/wiki/Battle_of_Halbe,,1,"April 24 – May 1, 1945","Halbe, Germany52°6′24″N 13°42′3″E﻿ / ﻿52.10667°N 13.70083°E﻿ / 52.10667; 13.70083Coordinates: 52°6′24″N 13°42′3″E﻿ / ﻿52.10667°N 13.70083°E﻿ / 52.10667; 13.70083",Soviet victory,Battle of Halbe,Battle of Berlin,Germany,Soviet Union,Theodor Busse Walther Wenck,Georgy Zhukov Ivan Konev,"About 80,000
 
 
 79 tanks 
 150 armoured vehicles","280,000","30,000 killed 25,000 escaped 10,000 civilians killed","20,000 killed or missing",,,,,,,
https://en.wikipedia.org/wiki/Battle_of_Bautzen_(1945),April 1945,0,21–30 April 1945,"Bautzen, Germany and surrounding rural areas",German victory[1][2],Battle of Bautzen (1945),Eastern Front,Nazi Germany,Soviet Union   Poland,Ferdinand Schörner   Wilhelm Schmalz   H. v. Oppeln-Bronikowski   Fritz-Hubert Gräser,Ivan Konev   Vladimir Kostylev   Ivan Petrov   Karol Świerczewski,"50,000  300 tanks [3]    600 artillery pieces  497 AFV's","Polish Army: 90,000 [3]    500 tanks [3]    Soviet Army: at least 20,000",6500,25000,,,,,,,
https://en.wikipedia.org/wiki/Prague_Offensive,,0,6–11 May 1945(5 days),"Prague, Czechoslovakia",Decisive Allied victory,Prague Offensive,Eastern Front,"Axis :   Germany   Hungary [1]   Slovak Republic 
 
   POHG",Allies :   Soviet Union   Czechoslovakia   Romania   Poland   Russian Liberation Army,Ferdinand Schörner   Lothar Rendulic,Ivan Konev   Rodion Malinovsky   Andrey Yeryomenko   Karel Klapálek   Vasile Atanasiu   Nicolae Dăscălescu   Karol Świerczewski   Sergei Bunyachenko,"Army Group Centre: 600,000–650,000 [2] Army Group Ostmark: 430,000 [3]  9,370 [1]","1,770,700 [4]  139,500 [4]  69,500 [4]  48,400 [4]  18,000","Some 860,000 captured; remainder killed, missing in action, or fled","49,348 [5]  1,730 [4]  887 [4]  533 [4] [a]  300",,,,,,,
https://en.wikipedia.org/wiki/Battle_of_Odzak,19 April-25 May 1945,0,19 April – 25 May 1945(1 month and 6 days),"Odžak, Independent State of Croatia (present day Bosnia and Herzegovina)45°00′N 18°16′E﻿ / ﻿45.00°N 18.26°E﻿ / 45.00; 18.26",Partisan victory,Battle of Odzak,Eastern Front,Yugoslav Partisans,Independent State of Croatia,Miloš Zekić Mato Belić [1] Spaso Mičić [2]   †,Petar Rajkovačić [3]   † Ibrahim Pjanić [2] Ivan Čalušić [4] Avdaga Hasić [2],"35,000 soldiers","1,800-4,000 soldiers [6] [7]","1,200–10,000 [7]","1,750",,,,,,,
