allies,allies,allies,allies,allies,allies,allies,allies,axis,axis,axis,axis,axis,axis,axis,axis,old_metrics,old_metrics,old_metrics,old_metrics,old_metrics,old_metrics,old_metrics,old_metrics,old_metrics,old_metrics,old_metrics,old_metrics,old_metrics,old_metrics,old_metrics,old_metrics,old_metrics,old_metrics,old_metrics,old_metrics,old_metrics,old_metrics,old_metrics,old_metrics,old_metrics,old_metrics,old_metrics,old_metrics
killed,wounded,captured,tanks,airplane,guns,ships,submarines,killed,wounded,captured,tanks,airplane,guns,ships,submarines,url,time,level,Date,Location,Result,name,parent,Belligerents.allies,Belligerents.axis,Commanders and leaders.allies,Commanders and leaders.axis,Strength.allies,Strength.axis,Casualties and losses.allies,Casualties and losses.axis,Casualties and losses.total,Territorialchanges,Strength.total,Belligerents.third party,Commanders and leaders.third party,Strength.third party,Casualties and losses.third party,Lattitude,Longitude,Latitude,start,end
15.0,40.0,0.0,0.0,0.0,0.0,0.0,0.0,50.0,150.0,0.0,0.0,0.0,0.0,0.0,0.0,https://en.wikipedia.org/wiki/Battle_of_Westerplatte,,1.0,1–7 September 1939,"Westerplatte, harbor of Free City of Danzig54°24′27″N 18°40′17″E﻿ / ﻿54.40750°N 18.67139°E﻿ / 54.40750; 18.67139Coordinates: 54°24′27″N 18°40′17″E﻿ / ﻿54.40750°N 18.67139°E﻿ / 54.40750; 18.67139",German victory,Battle of Westerplatte,German Invasion of Poland,Poland,Germany   Danzig,Henryk Sucharski   Franciszek Dąbrowski,F.G. Eberhardt   Gustav Kleikamp   Wilhelm Henningsen   †,210–240 soldiers,"~3,400 soldiers and policemen 1 pre-dreadnought 2 torpedo boats 60 dive bombers",15 dead at least 40 wounded Remainder captured,50 dead at least 150 wounded,,,,,,,,54.4075,18.67139,54.4075,1939-09-01,1939-09-01
500.0,0.0,0.0,1.0,0.0,0.0,0.0,0.0,800.0,0.0,0.0,50.0,0.0,0.0,0.0,0.0,https://en.wikipedia.org/wiki/Battle_of_Mokra,,1.0,"September 1, 1939","Mokra, Kielce Voivodeship, Poland",Polish victory,Battle of Mokra,German Invasion of Poland,Poland,Germany,Georg-Hans Reinhardt       Friedrich Kirchner,Julian Filipowicz,,,"500 killed, missing or wounded 300 horses several guns 1 tankette","800 killed, missing, captured, or wounded 50 tanks 100-110 vehicles",,,,,,,,,,,1939-09-01,1939-09-01
1200.0,1500.0,0.0,0.0,0.0,0.0,0.0,0.0,1800.0,3000.0,0.0,72.0,0.0,0.0,0.0,0.0,https://en.wikipedia.org/wiki/Battle_of_Mlawa,,1.0,1–3 September 1939,"Near Mława, Warsaw Voivodeship, Poland",German victory,Battle of Mlawa,German Invasion of Poland,Poland,Germany,Georg von Küchler,Wilhelm Liszka-Lawicz       Emil Krukowicz-Przedrzymirski,,,"1,200 killed 1,500 wounded","1,800 killed 3,000 wounded 1,000 missing 72 tanks destroyed",,,,,,,,,,,1939-09-01,1939-09-01
1600.0,750.0,0.0,0.0,0.0,0.0,0.0,0.0,506.0,743.0,0.0,0.0,0.0,0.0,0.0,0.0,https://en.wikipedia.org/wiki/Battle_of_Tuchola_Forest,,1.0,1–5 September 1939,"Near Tuchola Forest, Pomeranian Voivodeship, Poland",German victory,Battle of Tuchola Forest,German Invasion of Poland,Poland,Germany,Günther von Kluge   Heinz Guderian   Adolf Strauss,Władysław Bortnowski   Stanisław Grzmot-Skotnicki   Józef Werobej   Juliusz Drapella,,,"1600 killed
 750 wounded
 
Unknown number captured","506 killed 
 
743 wounded",,,,,,,,,,,1939-09-01,1939-09-01
0.0,0.0,0.0,3.0,0.0,0.0,0.0,0.0,0.0,0.0,0.0,70.0,0.0,0.0,0.0,0.0,https://en.wikipedia.org/wiki/Battle_of_Jordan%C3%B3w,,1.0,1–3 September 1939,"Jordanów, Kraków Voivodeship, Poland",Pyrrhic German victory,Battle of Jordanów,German Invasion of Poland,Poland,Germany,Stanisław Maczek  Jan Wójcik,Eugen Beyer [1],"5,000 soldiers   58 tanks and AFVs   16 field guns    armoured train  No.51 ""Pierwszy Marszałek"" [2]","3/109 heavy artillery [1]    50,000 soldiers   498 tanks and AFVs   128 field guns [2]",3+ tanks,70+ tanks and AFVs,,,,,,,,,,,1939-09-01,1939-09-01
663.0,0.0,0.0,0.0,0.0,0.0,0.0,0.0,650.0,540.0,0.0,0.0,0.0,0.0,0.0,0.0,https://en.wikipedia.org/wiki/Battle_of_Borowa_G%C3%B3ra,,1.0,2–6 September 1939,"Near Bełchatów, Poland",German victory,Battle of Borowa Góra,German Invasion of Poland,Poland,Germany,Erich Hoepner,Ludwik Czyżewski,XVI Panzer Corps,2nd Legions' Infantry Regiment,663 casualties [1],650 killed 540 wounded,,,,,,,,,,,1939-09-01,1939-09-01
0.0,0.0,0.0,0.0,0.0,0.0,0.0,0.0,0.0,0.0,0.0,0.0,0.0,0.0,0.0,0.0,https://en.wikipedia.org/wiki/Battle_of_Grudzi%C4%85dz,,1.0,1–4 September 1939,"Grudziądz, Pomeranian Voivodeship, Poland",German victory,Battle of Grudziądz,German Invasion of Poland,Poland,Germany,Nikolaus von Falkenhorst,Mikołaj Bołtuć    Tadeusz Lubicz-Niezabitowski   Stanisław Świtalski,,,,,,,,,,,,,,,1939-09-01,1939-09-01
660.0,0.0,40.0,0.0,0.0,0.0,0.0,0.0,900.0,0.0,0.0,10.0,1.0,0.0,0.0,0.0,https://en.wikipedia.org/wiki/Battle_of_Wizna,,1.0,"September 7–10, 1939","Wizna, near Łomża, Poland",German victory,Battle of Wizna,German Invasion of Poland,Poland,Nazi Germany,Heinz Guderian   Ferdinand Schaal,Władysław Raginis   †    Stanisław Brykalski  †,"42,200 infantry 350 tanks 657 artillery pieces",350-720 infantry [1] 6  76 mm guns 42 MGs 2  anti-tank rifles,~660 casualties 40 captured,~900 casualties 10 tanks destroyed 1 aircraft destroyed,,,,,,,,,,,1939-09-01,1939-09-01
60.0,0.0,0.0,2.0,0.0,0.0,0.0,0.0,60.0,0.0,0.0,17.0,0.0,2.0,0.0,0.0,https://en.wikipedia.org/wiki/Battle_of_Piotrk%C3%B3w_Trybunalski,,1.0,4-6 September 1939,"Piotrków Trybunalski, Poland",Polish withdraw,Battle of Piotrków Trybunalski,German Invasion of Poland,Poland,Germany,Edmund Karpow,Erich Hoepner,,,2 tanks [1] : 60,"17 Panzers, 2 self propelled guns, 14 armoured cars [1] : 60",,,,,,,,,,,1939-09-01,1939-09-01
50.0,150.0,0.0,0.0,0.0,0.0,1.0,0.0,0.0,0.0,0.0,0.0,53.0,0.0,1.0,0.0,https://en.wikipedia.org/wiki/Battle_of_Hel,,1.0,1 September – 2 October 1939,"Hel Peninsula, Pomeranian Voivodeship, Poland",German victory,Battle of Hel,German Invasion of Poland,Poland,Germany,Friedrich-Georg Eberhardt,Józef Unrug   Włodzimierz Steyer   Adam Mohuczy,"38,000 infantry a 2 pre-dreadnoughts 2 destroyers Dozens of aircraft","2,800 infantry 1 destroyer 1 large minelayer several light naval craft","50 killed, 150 wounded, rest taken prisoner 1 destroyer sunk 1 minelayer sunk all light craft sunk, damaged, and / or captured.",Luftwaffe : 46–53 aircraft    Heer : several dozen killed and wounded   Kriegsmarine :   1 destroyer damaged   1  pre-dreadnought  lightly damaged 1 minesweeper sunk,,,,,,,,,,,1939-09-01,1939-10-01
0.0,32000.0,170000.0,0.0,0.0,0.0,0.0,0.0,8000.0,0.0,4000.0,50.0,0.0,20.0,0.0,0.0,https://en.wikipedia.org/wiki/Battle_of_the_Bzura,,1.0,9–19 September[1] 1939,"Near Kutno, Łódź Voivodeship, Poland52°14′00″N 19°22′00″E﻿ / ﻿52.23333°N 19.36667°E﻿ / 52.23333; 19.36667Coordinates: 52°14′00″N 19°22′00″E﻿ / ﻿52.23333°N 19.36667°E﻿ / 52.23333; 19.36667","German victory 

Destruction of Armies Poznań and Pomorze",Battle of the Bzura,German Invasion of Poland,Poland,Germany,Gerd von Rundstedt [1]       Johannes Blaskowitz       Walther von Reichenau       Günther von Kluge      Wilhelm Ulex      Erich Hoepner,Tadeusz Kutrzeba [1]       Władysław Bortnowski       Edmund Knoll-Kownacki       Mikołaj Bołtuć       Roman Abraham      Leon Strzelecki,"12 infantry divisions   5 armoured and motorized divisions   425,000 soldiers [1]","8 infantry divisions   2–4 cavalry brigades   225,000 soldiers [1]","18,000 [2] –20,000 [1]  dead 32,000 wounded [2]    170,000 captured [2]","8,000 dead [2]    4,000 captured   50 tanks   100 cars   20 artillery pieces",,,,,,,,52.23333,19.36667,52.23333,1939-09-01,1939-09-01
78.0,0.0,0.0,0.0,0.0,0.0,0.0,0.0,7500.0,13000.0,0.0,0.0,0.0,0.0,0.0,0.0,https://en.wikipedia.org/wiki/Siege_of_Warsaw_(1939),,1.0,8-28 September 1939,"Warsaw, Poland52°13′48″N 21°00′39″E﻿ / ﻿52.23000°N 21.01083°E﻿ / 52.23000; 21.01083Coordinates: 52°13′48″N 21°00′39″E﻿ / ﻿52.23000°N 21.01083°E﻿ / 52.23000; 21.01083","German victory

German occupation of Warsaw until 1945.",Siege of Warsaw,German Invasion of Poland,Poland,Germany,Johannes Blaskowitz   Georg von Küchler   Werner von Fritsch   †   Walter Petzel,Walerian Czuma   Juliusz Zulauf   Juliusz Rómmel   Marian Porwit   Tadeusz Kutrzeba,"175,000 soldiers","124,000 soldiers  (excluding volunteers)","140,000 killed or captured [1] : 78","7,500 killed 13,000 wounded",,,,,,,,52.23,21.01083,52.23,1939-09-01,1939-09-01
0.0,0.0,0.0,0.0,0.0,0.0,0.0,0.0,4.0,608.0,0.0,0.0,0.0,0.0,0.0,0.0,https://en.wikipedia.org/wiki/Battle_of_Lw%C3%B3w_(1939),,1.0,"September 12–22, 1939","Lwów, Lwów Voivodeship, Poland",German–Soviet victory,Battle of Lwów,German Invasion of Poland,Poland,Germany     Soviet Union,Ferdinand Schörner     Filipp Golikov,Władysław Langner   Franciszek Sikorski,"German:   1st Mountain Division, 2nd Mountain Division, part of 7th Infantry Division, part of 5th Panzer Division     Soviet:   6th Army",11 infantry battalions   5 batteries of artillery (mainly 75 mm guns)   2 armoured trains   1 cavalry unit   1 engineering platoon and a small number of soldiers who had retreated into the city from elsewhere,Unknown,"German 1st Mountain Division: 484 killed (including 116 from Gebirgsjäger-Regiment 99.)   918 wounded   608 sick
  Soviet: 24th Armoured Brigade: 4 KIA and 8 WIA on 22 September
 
 Total:  488+ killed   926+ wounded   608+ sick",,,,,,,,,,,1939-09-01,1939-09-01
870.0,700.0,0.0,0.0,0.0,0.0,0.0,0.0,929.0,1174.0,0.0,36.0,0.0,0.0,0.0,0.0,https://en.wikipedia.org/wiki/Battle_of_Tomasz%C3%B3w_Lubelski,,1.0,"September 17–26, 1939","Near Tomaszów Lubelski, Poland50°27′00″N 23°25′00″E﻿ / ﻿50.45000°N 23.41667°E﻿ / 50.45000; 23.41667Coordinates: 50°27′00″N 23°25′00″E﻿ / ﻿50.45000°N 23.41667°E﻿ / 50.45000; 23.41667",German victory,Battle of Tomaszów Lubelski,German Invasion of Poland,Poland,Germany,Leonard Wecker       Wilhelm List       Walther von Reichenau       Ewald von Kleist       Ernst Busch,"First Phase:       Antoni Szylling       Tadeusz Piskor 
 
 Second Phase:       Stefan Dąb-Biernacki       Emil Krukowicz-Przedrzymirski       Władysław Anders      Jan Kruszewski",3 infantry divisions   + 2 panzer divisions,First Phase:    4 infantry divisions   1 cavalry division and 1 mechanized division,870 killed and 700 injured,"929 killed, 1174 injured and 36 tanks destroyed",,,,,,,,50.45,23.41667,50.45,1939-09-01,1939-09-01
26.0,35.0,0.0,0.0,0.0,0.0,0.0,0.0,47.0,30.0,0.0,0.0,0.0,0.0,0.0,0.0,https://en.wikipedia.org/wiki/Battle_of_Krasnobr%C3%B3d,,1.0,23 September 1939,"Krasnobród, Lublin Voivodeship",Polish victory,Battle of Krasnobród,German Invasion of Poland,Poland,Germany,Bohdan Stachlewski       Tadeusz Gerlecki †,Rudolf Koch-Erpach,Nowogrodek Cavalry Brigade   2nd Horse Artillery Division   2nd Horse Rifles Regiment   1st  KOP  Cavalry Regiment,8th Infantry Division   Heavy  East Prussian  cavalry,"26 killed,  35 wounded","47 killed,  30 wounded,  100 men captured",,,,,,,,,,,1939-09-01,1939-09-01
300.0,0.0,17000.0,0.0,0.0,0.0,0.0,0.0,500.0,0.0,185.0,0.0,0.0,0.0,0.0,0.0,https://en.wikipedia.org/wiki/Battle_of_Kock_(1939),,1.0,2–5 October 1939,"Near Kock, Lublin Voivodeship, Poland",Polish tactical victoryGerman strategic victory,Battle of Kock,German Invasion of Poland,Poland,Germany,Franciszek Kleeberg,G. A. von Wietersheim,"Independent Operational Group Polesie  (18,000)","XIV Motorised Corps  (30,000)","250–300 casualties 17,000 captured [1]",300–500 casualties 185 captured,,,,,,,,,,,1939-10-01,1939-10-01
0.0,0.0,0.0,0.0,0.0,0.0,0.0,0.0,0.0,0.0,0.0,0.0,0.0,0.0,0.0,0.0,https://en.wikipedia.org/wiki/Battle_of_Wilno_(1939),,1.0,18–19 September 1939,"Wilno, Second Polish Republic54°40′N 25°19′E﻿ / ﻿54.667°N 25.317°E﻿ / 54.667; 25.317Coordinates: 54°40′N 25°19′E﻿ / ﻿54.667°N 25.317°E﻿ / 54.667; 25.317",Soviet victory,Battle of Wilno,Soviet invasion of Poland,Soviet Union,Poland,Mikhail Kovalyov      Pyotr Akhlyustin   Semyon Zybin,Jarosław Okulicz-Kozaryn,Two cavalry divisions   three armoured brigades,"10 infantry battalions   (6,500 men)   18-22 guns (including AA guns)   ~40  MGs",,,Soviet counts:  13 killed   24 wounded   five  BT  tanks destroyed   one  BA-10   armoured car  destroyed   three other AFVs damaged,,,,,,,54.667,25.317,54.667,1939-09-01,1939-09-01
57.0,0.0,0.0,0.0,0.0,0.0,0.0,0.0,644.0,0.0,1543.0,0.0,0.0,0.0,0.0,0.0,https://en.wikipedia.org/wiki/Battle_of_Grodno_(1939),,1.0,20 September 1939 – 24 September 1939(4 days),"Grodno, Poland",Soviet victory,Battle of Grodno,Soviet invasion of Poland,Soviet Union,Poland,Ivan Boldin       Mikhail Petrov [1],Wacław Przeździecki       Józef Olszyna-Wilczyński       Edmund Heldut-Tarnasiewicz,Unknown number of tanks and infantry,"2,000-2,500 (September 20)   3,500-4,000 (September 21)   2 AA guns","Soviet counts:   57 KIA   159 WIA   23 AFVs 
 
Polish counts:   800 KIA, MIA and wounded","Soviet counts:   644 KIA   1,543 captured",,,,,,,,,,,1939-09-01,1939-09-01
81.0,184.0,300.0,7.0,0.0,3.0,0.0,0.0,350.0,900.0,0.0,0.0,0.0,0.0,0.0,0.0,https://en.wikipedia.org/wiki/Battle_of_Szack,,1.0,28 September 1939,"Szack, Poland (now Ukraine)",Polish victory,Battle of Szack,Soviet invasion of Poland,Soviet Union,Poland,Colonel Iwan Russijanow,Wilhelm Orlik-Rückemann,52nd Rifle Division,"4,000 strong  KOP  group including artillery","Soviet archives:  81 dead   184 wounded   7 tanks (5 T-26, 2 T-38)   2 tractors   3 anti-tank guns  [1]    (Polish accounts:)   ~500 dead   1,600 wounded   300 captured  [2]    Several guns   A few AFVs   Up to 40 tanks [ citation needed ]",~350 dead   900+ wounded   A few trucks [ citation needed ],,,,,,,,,,,1939-09-01,1939-09-01
80.0,102.0,0.0,4.0,0.0,0.0,0.0,0.0,200.0,467.0,0.0,0.0,0.0,0.0,0.0,0.0,https://en.wikipedia.org/wiki/Battle_of_Wytyczno,,1.0,"October 1, 1939","Wytyczno, near Włodawa, Poland",Soviet victory,Battle of Wytyczno,Soviet invasion of Poland,Soviet Union,Poland,Col. Vasily Sokolov,Wilhelm Orlik-Rueckemann,"1,200 men   200 guns   70 tanks","2,000 men   13 guns",80 killed   102 wounded   4 tanks destroyed,200 killed   467 wounded,,,,,,,,,,,1939-10-01,1939-10-01
750.0,1000.0,0.0,0.0,0.0,0.0,0.0,0.0,23000.0,0.0,2100.0,43.0,0.0,29.0,0.0,0.0,https://en.wikipedia.org/wiki/Battle_of_Suomussalmi,,1.0,7 December 1939-8 January  1940,"Suomussalmi, Finland",Finnish  victory,Battle of Suomussalmi,Soviet invasion of Finland,Finland,Soviet Union,Hjalmar Siilasvuo,Ivan Dashichev  [ ru ]   Alexei Vinogradov,"T3 regiments and separate battalions 11,500","9th Army 
 
 2 divisions 
 1 tank brigade 
45,000–55,000","750 killed or missing [1] 1,000 wounded [1]","13,000–23,000 killed or missing [2] 2,100 captured 43 tanks captured 71 field-guns captured 29 anti-tank guns captured 260 trucks captured 1,170 horses captured",,,,,,,,,,,1939-12-01,1940-01-01
0.0,0.0,0.0,0.0,0.0,0.0,0.0,0.0,0.0,0.0,0.0,0.0,0.0,0.0,0.0,0.0,https://en.wikipedia.org/wiki/Battle_of_Summa,,1.0,16–22 December 1939 (First)1–15 February 1940 (Second),Summa Lahde Sector,"First battle: Finnish victorySecond battle: Soviet victory 

Soviets overrun the Mannerheim Line.",Battle of Summa,Soviet invasion of Finland,Finland,Soviet Union,Carl Mannerheim Harald Öhquist,Semyon Timoshenko,Third Division,7th Army 13th Army,thousands,tens of thousands large amounts of material,,,,,,,,,,,1939-12-01,1940-02-01
402.0,0.0,0.0,0.0,0.0,0.0,0.0,0.0,4674.0,0.0,1300.0,0.0,0.0,0.0,0.0,0.0,https://en.wikipedia.org/wiki/Battle_of_Raate_Road,,1.0,1-7 January 1940,Eastern Finland,Finnish victory,Battle of Raate Road,Soviet invasion of Finland,Finland,Soviet Union,Hjalmar Siilasvuo,Alexei Vinogradov,"6,000","13,962–25,000 [1] (Officially)",402 killed (according to Finnish estimates) [2],"4,674 casualties  (according to the Soviets) [3] 
 
7,000–9,000 killed 1,300 captured (according to Finnish estimates) [4]",,,,,,,,,,,1940-01-01,1940-01-01
1500.0,0.0,0.0,0.0,0.0,0.0,0.0,0.0,8000.0,0.0,0.0,0.0,0.0,0.0,0.0,0.0,https://en.wikipedia.org/wiki/Battle_of_Kollaa,,1.0,"December 7, 1939 – March 13, 1940","Kollaa river, Finland",Finnish victory,Battle of Kollaa,Soviet invasion of Finland,Finland,Soviet Union,Woldemar Hägglund Division: Lauri Tiainen (Until 31 January) Antero Svensson (From 1 February),Ivan Khabarov (Until 13 December) Grigori Shtern (From 13 December) Division:  (December) M.S. Yevstigneyev Corps:  (February–March) Dmitri Kozlov V.G. Vorontsov,1 division and some small units [ citation needed ],"4 divisions, 1 tank brigade [ citation needed ]","1,500 dead or wounded (estimate)","8,000 dead or wounded",,,,,,,,,,,1939-12-01,1940-03-01
89.0,135.0,16.0,0.0,0.0,0.0,0.0,0.0,181.0,301.0,72.0,0.0,0.0,0.0,0.0,0.0,https://en.wikipedia.org/wiki/Battle_of_Petsamo_(1939),,1.0,30 November 1939 to 12 March 1940,"Petsamo, Finland",Soviet advance,Battle of Petsamo,Soviet invasion of Finland,Finland,Soviet Union,Captain   Antti Pennanen,Kirill Meretskov   Valerian Frolov,Three companies,Two divisions,"89 dead, 135 wounded, 16 captured","181 dead, 301 wounded, 72 captured",,,,,,,,,,,1939-11-01,1940-03-01
2000.0,0.0,6800.0,0.0,0.0,0.0,0.0,0.0,429.0,668.0,0.0,0.0,0.0,0.0,0.0,0.0,https://en.wikipedia.org/wiki/Defense_of_Brest_Fortress,June 1941,1.0,22–29 June 1941,"Brest, Belarusian SSR, Soviet Union",German victory,Defense of Brest Fortress,Axis invasion of the Soviet Union,Soviet Union,Germany,Fritz Schlieper,Pyotr Gavrilov   ( POW )   Ivan Zubachyov   ( POW )   Andrej Kižavataŭ   †   Yefim Fomin   [1] [2],"about 17,000, 2 Panzer Divisions","over 9,000, 2  T-26  Cavalry Tanks,  BA-20  Bobik [3]","more than 2,000 dead [5] about 6,800 captured [6]","429 dead, 668 wounded [4]",,,,,,,,,,,1941-06-01,1941-06-01
417729.0,76717.0,0.0,4799.0,1669.0,9427.0,0.0,0.0,0.0,0.0,0.0,101.0,276.0,0.0,0.0,0.0,https://en.wikipedia.org/wiki/Battle_of_Bia%C5%82ystok-Minsk,June 1941,1.0,22 June – 9 July 1941,"Byelorussian Soviet Socialist Republic, Soviet Union",Decisive German victory,Battle of Białystok-Minsk,Axis invasion of the Soviet Union,Soviet Union,Germany,Fedor von Bock Hermann Hoth Günther von Kluge Heinz Guderian,Dmitry Pavlov   Vladimir Klimovskikh   Ivan Boldin,"750,000 1,936 tanks","671,165 [1] 4,522 tanks 14,171 guns/mortars [1]","341,073 killed or captured [4] [1] [5] 76,717 wounded [1] [4] 4,799 tanks destroyed [1] 9,427 guns/mortars lost [4] [1] 1,177-1,669 aircraft destroyed [1] [6] Total : 417,729","12,157  (incomplete) [2] 101 tanks destroyed [3] 276 aircraft destroyed",,,,,,,,,,,1941-06-01,1941-07-01
0.0,0.0,0.0,0.0,0.0,0.0,0.0,0.0,0.0,0.0,0.0,0.0,0.0,0.0,0.0,0.0,https://en.wikipedia.org/wiki/Operation_Rentier,,1.0,22 June 1941,"Petsamo, Finland",German victory,Operation Rentier,Axis invasion of the Soviet Union,Soviet Union,Germany,,,"27,500 men [1]",Unknown,,,,,,,,,,,,,1941-06-01,1941-06-01
75202.0,13284.0,0.0,2523.0,990.0,0.0,0.0,0.0,0.0,0.0,0.0,0.0,0.0,0.0,0.0,0.0,https://en.wikipedia.org/wiki/Baltic_Operation,,1.0,22 June – 9 July 1941,"Baltic Countries, USSR","German victory

Successful German Offensive",Baltic Operation,Axis invasion of the Soviet Union,Soviet Union,Germany,Wilhelm Ritter von Leeb,Fyodor Isodorovich Kuznetsov,"655,000 1,389 tanks 7,673 artillery pieces 1,070 aircraft","498,000 [1] 1,393 tanks 5,573 artillery pieces 1,210 aircraft","75,202 killed 13,284 wounded 2,523 tanks & SPGs destroyed [2] 990 aircraft destroyed [2] Total : 88,486 casualties [1]",unknown,,,,,,,,,,,1941-06-01,1941-07-01
0.0,0.0,0.0,704.0,0.0,0.0,0.0,0.0,0.0,0.0,0.0,0.0,0.0,0.0,0.0,0.0,https://en.wikipedia.org/wiki/Battle_of_Raseiniai,,1.0,23–27 June 1941,"Raseiniai, Lithuania",German victory,Battle of Raseiniai,Axis invasion of the Soviet Union,Soviet Union,Germany,Georg-Hans Reinhardt,"Fyodor Kuznetsov 
 Alexey Kurkin 
 Yegor Solyankin   †",235–245 tanks [1] [2] [f],749 tanks [3],704 tanks (crewmen either killed or captured) [3],"2/3 of the (6th Panzer Division and 4th Panzer Group), a few cannons and trucks",,,,,,,,,,,1941-06-01,1941-06-01
0.0,0.0,0.0,800.0,0.0,0.0,0.0,0.0,0.0,0.0,0.0,200.0,0.0,0.0,0.0,0.0,https://en.wikipedia.org/wiki/Battle_of_Brody_(1941),June 1941,1.0,23–30 June 1941,"Brody, Ukrainian SSR, Soviet Union",German victory,Battle of Brody (1941),Axis invasion of the Soviet Union,Soviet Union,Germany,Paul Ludwig Ewald von Kleist   Hyazinth Graf Strachwitz,Mikhail Kirponos   Maksim Purkayev    Ivan Muzychenko  Mikhail Potapov,750 tanks [1] [2],"3,500 tanks [1]",heavy (Forces rendered non-operational) 800 tanks lost [3] (8th Mech. Corps),200 tanks lost [3] (Against the  8th Mech. Corps ),,,,,,,,,,,1941-06-01,1941-06-01
305000.0,190000.0,64000.0,0.0,0.0,0.0,0.0,0.0,23200.0,60400.0,3500.0,0.0,0.0,0.0,0.0,0.0,https://en.wikipedia.org/wiki/Continuation_War,,1.0,"25 June 1941 – 19 September 1944 (3 years, 2 months, 3 weeks and 4 days)","Finland, Karelia, and Murmansk area","Soviet victory[5][6][7]

Moscow Armistice",Continuation War,Axis invasion of the Soviet Union,Soviet Union   United Kingdom [Note 2],Finland   Germany   Italy [Note 1],"C.G.E. Mannerheim 
   Aksel Airo 
   Erik Heinrichs 
   Lennart Oesch 
   N. von Falkenhorst 
   Eduard Dietl 
   Lothar Rendulic","Markian Popov 
   Filipp Gorelenko 
   Leonid Govorov 
   Mikhail Hozin 
   Valerian Frolov 
   Kirill Meretskov","450,000–700,000 Finns [Note 3] 67,000–214,000 Germans [Note 4] 2,000  Estonian volunteers 1,000  Swedish volunteers","900,000–1,500,000 Soviets [10]","Soviet 
 250,000–305,000 dead  or missing [14] [11] [12] 
 575,000 medical  casualties (including  385,000 wounded  and 190,000 sick) [14] [11] 
 64,000  captured [15] 
 890,000–944,000  total casualties 
 Not including civilian casualties,  such as  Siege of Leningrad","Finnish 
 63,200 dead or missing [11] [12] 
 158,000 wounded [11] 
 2,370–3,500  captured [13] 
 225,000 total casualties 
 Not including civilian casualties 
 
 
 German 
 23,200 dead or missing 
 60,400 wounded 
 84,000 total casualties [12] 
 Not including civilian casualties",,Concession of Petsamo and lease of Porkkala Peninsula to the Soviet Union,,,,,,,,,1941-06-01,1944-09-01
0.0,0.0,0.0,0.0,0.0,0.0,0.0,0.0,0.0,0.0,0.0,0.0,0.0,0.0,0.0,0.0,https://en.wikipedia.org/wiki/Operation_Silver_Fox,,1.0,29 June – 17 November 1941,"Arctic, Lapland, Northern Russia68°58′N 33°05′E﻿ / ﻿68.967°N 33.083°E﻿ / 68.967; 33.083Coordinates: 68°58′N 33°05′E﻿ / ﻿68.967°N 33.083°E﻿ / 68.967; 33.083","Axis failure, Soviet victory",Operation Silver Fox,Axis invasion of the Soviet Union,Soviet Union   United Kingdom [note],Germany   Finland,Nikolaus von Falkenhorst   Eduard Dietl   Hans Feige   Hjalmar Siilasvuo,Markian Popov     Valerian Frolov [note]   Roman Panin,,,unknown,"21,501 Germans 5,000 Finns [2]",,,,,,,,68.967,33.083,68.967,1941-06-01,1941-11-01
0.0,0.0,0.0,0.0,0.0,0.0,0.0,0.0,0.0,0.0,0.0,0.0,0.0,0.0,0.0,0.0,https://en.wikipedia.org/wiki/Operation_Platinum_Fox,,1.0,29 June – 21 September 1941,"Petsamo, Litsa River, Rybachy Peninsula",Soviet victory,Operation Platinum Fox,Axis invasion of the Soviet Union,Soviet Union,Germany   Finland,Eduard Dietl,Valerian A. Frolov,"2nd Mountain Division 3rd Mountain Division 2 additional SS regiments [1] Finnish 14th Infantry Regiment [2] Finnish  Ivalo  Border Guard Battalion 27,500 men (initially) [3]",14th Rifle Division 52nd Rifle Division Polyarny Division [note] Soviet Northern Fleet,Unknown,"10,300 overall [4]",,,,,,,,,,,1941-06-01,1941-09-01
0.0,0.0,0.0,0.0,0.0,0.0,0.0,0.0,9463.0,0.0,0.0,0.0,0.0,0.0,0.0,0.0,https://en.wikipedia.org/wiki/Operation_Arctic_Fox,July–November 1941,1.0,1 July 1941 – 17 November 1941,"Salla, Kestenga, Alakurtti, Verman River",Stalemate,Operation Arctic Fox,Axis invasion of the Soviet Union,Soviet Union,Germany   Finland,Hans Feige   Hjalmar Siilasvuo,Markian Popov       Valerian A. Frolov   Roman Panin [1],"XXXVI Corps 
 169th Infantry Division 
 SS-Division  Nord  (mot.) 
 Finnish 6th Division 
 Panzer-Abteilung 211 
   III Corps 
 Finnish 3rd Division 
 Panzer-Abteilung 40","14th Army 
 104th Rifle Division 
 122nd Rifle Division 
 1st Tank Division 
 88th Rifle Division  (reinforcements) 
 Grivnik brigade [1] (reinforcements) 
 1st Polar Rifle Division [note] 
   7th Army 
 54th Rifle Division",Heavy casualties,"XXXVI Corps: 9,463 men [2]  III Corps: unknown [note]",,,,,,,,,,,1941-07-01,1941-11-01
186144.0,273803.0,300000.0,3273.0,903.0,0.0,0.0,0.0,29650.0,100327.0,0.0,214.0,0.0,0.0,0.0,0.0,https://en.wikipedia.org/wiki/Battle_of_Smolensk_(1941),,1.0,"8 July – 31 July 1941(German historiography)[1]:267
10 July – 10 September 1941 (Soviet historiography)[2][1]:267","Smolensk (Russian SFSR) vicinity, Soviet UnionCoordinates: 54°46′58″N 32°02′43″E﻿ / ﻿54.78278°N 32.04528°E﻿ / 54.78278; 32.04528",German victory,Battle of Smolensk (1941),Axis invasion of the Soviet Union,Soviet Union,Germany,Fedor von Bock   Maximilian von Weichs   Hermann Hoth   Heinz Guderian,Semyon Timoshenko Fyodor Kuznetsov   Andrei Yeremenko   Ivan Gorbachyov   †,"430,000 men [3] [4] 1,000 tanks [3]  1,500 aircraft [3]    6,600 guns and mortars [3]","10 July: 581,600 men [5]    1,545 tanks [6] [b]    6,000 guns [7]","759,947 men [5] 
 
 186,144 killed 
 273,803 wounded 
 300,000 captured [9] [10] 
1,348–3,273 tanks and SPGs destroyed [11] [a] 903 aircraft destroyed [12]","135,659 men (21 July – 10 September) [8] 
 
 29,650 killed 
 100,327 wounded 
 5,682 missing 
214 tanks destroyed [4]",,,,,,,,54.78278,32.04528,54.78278,1941-07-01,1941-09-01
203000.0,0.0,100000.0,317.0,0.0,0.0,0.0,0.0,785.0,4610.0,15458.0,0.0,0.0,0.0,0.0,0.0,https://en.wikipedia.org/wiki/Battle_of_Uman,,1.0,15 July–8 August 1941,Right-bank Ukraine,Axis victory,Battle of Uman,Axis invasion of the Soviet Union,Soviet Union,Germany   Romania   Hungary   Slovakia,Gerd von Rundstedt   C.H. von Stülpnagel   Ewald von Kleist,Semyon Budyonny   Mikhail Kirponos   Ivan Tyulenev,"400,000  600 tanks","300,000  317 tanks and 858 guns","Total: 203,000   Killed or wounded: 100,000  Captured: 103,000  Captured or destroyed: 317 tanks","Total: 20,853 [a] Killed: 4,610  Wounded: 15,458  Captured or missing: 785",,,,,,,,,,,1941-07-01,1941-08-01
16578.0,24690.0,0.0,0.0,151.0,0.0,1.0,0.0,17729.0,63345.0,0.0,19.0,20.0,90.0,0.0,0.0,https://en.wikipedia.org/wiki/Siege_of_Odessa_(1941),,1.0,"8 August – 16 October 1941 (2 months, and 8 days)","Odessa region, Ukrainian SSR, Soviet Union","Axis victory, subsequent 1941 Odessa massacre",Siege of Odessa (1941),Axis invasion of the Soviet Union,Soviet Union,Romania   Germany Aerial support:   Italy,Ion Antonescu   Alexandru Ioaniţiu   †   Iosif Iacobici   Nicolae Ciupercă   Erich von Manstein,Georgiy Sofronov   Ivan Petrov   Gavriil Zhukov   Filipp Oktyabrskiy,"160,000 men (initially) [1] 340,223 men (total)","34,500 men (initial) [2] 240 artillery pieces 120,000+ men (total)","Low estimate:  41,268 overall [2] 16,578 dead/missing 24,690 wounded 1 armored train 151 aircraft High estimate:  60,000 overall [4] Naval losses to Romanian forces: 1 destroyer possibly damaged 1 armed merchantman captured","92,545 overall 17,729 dead 63,345 wounded 11,471 missing 19 tanks 90 artillery pieces 20 aircraft [3]",,,,,,,,,,,1941-08-01,1941-10-01
700544.0,84240.0,0.0,411.0,343.0,28419.0,0.0,0.0,26856.0,96796.0,0.0,0.0,0.0,0.0,0.0,0.0,https://en.wikipedia.org/wiki/Battle_of_Kiev_(1941),,1.0,23 August – 26 September 1941,"East and South of Kiev, Ukrainian SSR, Soviet Union","German victory

Encirclement of Soviet troops
Soviet bombings of Kiev as part of scorched earth policy
Massacre of Soviet POWs and civilians at Babi Yar",Battle of Kiev (1941),Axis invasion of the Soviet Union,Soviet Union,Germany,Gerd von Rundstedt   Walther von Reichenau   Heinz Guderian   Ewald von Kleist,Semyon Budyonny [a]   Semyon Timoshenko   Mikhail Kirponos   †   Mykhailo Burmystenko   †,"25 infantry divisions 9 armoured divisions 544,000 [1]","Initial 627,000 [2]","700,544 men [2] 
 
 84,240 wounded and sick 
411 tanks and SPGs destroyed [4] 343 aircraft destroyed [4] 28,419 guns and mortars lost [5]","Total: 128,670 [3] 26,856 killed 96,796 wounded 5,008 missing",,German occupation of Kiev,,,,,,,,,1941-08-01,1941-09-01
12000.0,0.0,0.0,0.0,0.0,0.0,16.0,0.0,0.0,0.0,0.0,0.0,0.0,0.0,0.0,0.0,https://en.wikipedia.org/wiki/Evacuation_of_Tallinn_(1941),,1.0,27–31 August 1941,Gulf of Finland,Finnish–German victory,Evacuation of Tallinn (1941),Axis invasion of the Soviet Union,Soviet Union,Finland   Germany,Alfred Keller W.F. von Richthofen,Vladimir Tributs Kliment Voroshilov,Luftflotte 1 Fliegerkorps VIII,"1 armed cruiser 30,000","12,000+ dead (civilian and military) 28 large transports and auxiliary ships 16 warships [1] 6 small transports 34 merchant vessels sunk",Unknown,,,,,,,,,,,1941-08-01,1941-08-01
10701.0,21152.0,0.0,0.0,0.0,0.0,0.0,0.0,0.0,0.0,0.0,0.0,0.0,0.0,0.0,0.0,https://en.wikipedia.org/wiki/Yelnya_Offensive,,1.0,"August 30 – September 8, 1941","Yelnya, Soviet Union54°34′N 33°10′E﻿ / ﻿54.567°N 33.167°E﻿ / 54.567; 33.167Coordinates: 54°34′N 33°10′E﻿ / ﻿54.567°N 33.167°E﻿ / 54.567; 33.167",Soviet tactical victory,Yelnya Offensive,Axis invasion of the Soviet Union,Soviet Union,Germany,Fedor von Bock,Georgy Zhukov   Konstantin Rakutin   †,,"103,200 [1]","10,701 killed or missing 21,152 wounded 31,853 overall [1]","23,000 (XX Army Corps for the period from August 8 to Sept 8) [2]",,,,,,,,54.567,33.167,54.567,1941-09-01,1941-09-01
0.0,0.0,106332.0,212.0,0.0,772.0,0.0,0.0,2456.0,9699.0,0.0,0.0,0.0,0.0,0.0,0.0,https://en.wikipedia.org/wiki/Battle_of_the_Sea_of_Azov,,1.0,26 September 1941 – 11 October 1941(2 weeks and 1 day),Sea of Azov,Axis victory,Battle of the Sea of Azov,Axis invasion of the Soviet Union,Soviet Union,Germany   Romania,Gerd von Rundstedt   Erich von Manstein   Ewald von Kleist   Petre Dumitrescu,Semyon Timoshenko   Dmitry Ryabyshev   Yakov Cherevichenko,unknown,unknown,"106,332 captured [2] 212 tanks destroyed or captured [2] 772 guns captured [2]","2,456 killed 9,699 wounded 266 missing Total : 12,421 (21 September–10 October) [1]",,,,,,,,,,,1941-09-01,1941-10-01
100000.0,0.0,600000.0,0.0,0.0,0.0,0.0,0.0,0.0,0.0,0.0,0.0,0.0,0.0,0.0,0.0,https://en.wikipedia.org/wiki/Battle_of_Bryansk_(1941),October 1941,1.0,30 September–21 October 1941,"Bryansk, Soviet Union",German victory,Battle of Bryansk (1941),Axis invasion of the Soviet Union,Soviet Union,Germany,Fedor von Bock     Heinz Guderian     Maximilian von Weichs,Andrey Yeryomenko   Semyon Timoshenko   Georgy Zhukov,unknown,Unknown,"100,000 killed or missing 600,000 captured",unknown,,,,,,,,,,,1941-09-01,1941-10-01
0.0,0.0,65000.0,0.0,0.0,672.0,0.0,0.0,30000.0,0.0,0.0,0.0,0.0,0.0,0.0,0.0,https://en.wikipedia.org/wiki/Crimea_Campaign,,1.0,18 October–16 November 1941,"Crimea, Soviet Union",Axis victory,Battle of the Crimea (1941),Axis invasion of the Soviet Union,Soviet Union,Germany   Romania,Erich von Manstein   Wolfram Freiherr von Richthofen   Gheorghe Avramescu   Constantin Costăchescu,Gordey Levchenko   Fyodor Kuznetsov   Ivan Yefimovich Petrov,,,"65,000 captured 212 Vehicles destroyed 672 guns 1 cargo ship sunk","30,000 dead, wounded or missing",,,,,,,,,,,1941-10-01,1941-11-01
0.0,0.0,0.0,0.0,0.0,0.0,0.0,0.0,0.0,0.0,0.0,0.0,0.0,0.0,0.0,0.0,https://en.wikipedia.org/wiki/First_Battle_of_Kharkov,,1.0,20–24 October 1941,"Kharkov, Ukrainian SSR, Soviet Union",German victory,First Battle of Kharkov,Axis invasion of the Soviet Union,Soviet Union,Germany,Erwin Vierow     Anton Dostler,Viktor Tsyganov,"Two divisions 1 Sturmgeschütz-Abteilung 10,000–30,000 men (est.) 12  StuG III",One division [1],"unknown, but [2] probably higher",unknown,,,,,,,,,,,1941-10-01,1941-10-01
0.0,0.0,0.0,0.0,0.0,0.0,0.0,0.0,0.0,0.0,0.0,0.0,0.0,0.0,0.0,0.0,https://en.wikipedia.org/wiki/Battle_at_Borodino_Field,October 1941 – January 1942,1.0,13 October 1941 – 18 January 1942,"Borodino, Russian SFSR55°30′31″N 35°49′16″E﻿ / ﻿55.50861°N 35.82111°E﻿ / 55.50861; 35.82111Coordinates: 55°30′31″N 35°49′16″E﻿ / ﻿55.50861°N 35.82111°E﻿ / 55.50861; 35.82111",German victory in OctoberSoviet victory in January,Battle at Borodino Field,Axis invasion of the Soviet Union,Soviet Union,Germany,Günther von Kluge,Dmitry Lelyushenko,2nd SS Division Das Reich 10th Panzer Division 18th Panzer Brigade 19th Panzer Brigade,32nd Rifle Division 82nd Rifle Division 36th Motorcycle Regiment 509th Anti-Tank Regiment,,,,,,,,,,55.50861,35.82111,55.50861,1941-10-01,1942-01-01
0.0,0.0,0.0,0.0,0.0,0.0,0.0,0.0,733.0,3396.0,0.0,0.0,0.0,0.0,0.0,0.0,https://en.wikipedia.org/wiki/Battle_of_Rostov_(1941),,1.0,17 November–2 December 1941(2 weeks and 1 day),"Rostov-on-Don region, USSR",Soviet victory,Battle of Rostov,Axis invasion of the Soviet Union,Soviet Union,Germany   Romania   Slovakia,Yakov Cherevichenko   Anton Lopatin,Gerd von Rundstedt   Walther von Reichenau   Ewald von Kleist,"Southern Front 
 
   37th Army","Army Group South 
 
   1st Panzer Army","33,000 (17 November–2 December) [1]","733 killed 3,396 wounded 187 missing Total : 4,316 (11 November–30 November) [2]",,,,,,,,,,,1941-11-01,1941-12-01
139586.0,143941.0,0.0,0.0,0.0,0.0,0.0,0.0,174194.0,0.0,0.0,0.0,0.0,0.0,0.0,0.0,https://en.wikipedia.org/wiki/Battle_of_Moscow,[1],1.0,2 October 1941 – 7 January 1942(3 months and 5 days),"Moscow Oblast, Russian SFSR, USSR","Soviet victory

End of Operation Barbarossa
Beginning of Soviet counter-offensives",Battle of Moscow,Axis invasion of the Soviet Union,Soviet Union,Germany,"Adolf Hitler 
 Fedor von Bock 
 Heinz Guderian 
 Günther von Kluge 
 Georg-Hans Reinhardt 
 Adolf Strauss 
 Erich Hoepner","Joseph Stalin 
 Georgy Zhukov 
 Aleksandr Vasilevsky 
 Ivan Konev","As of 1 October 1941: 
 1,184,000–1,929,000 men [1] [2] [3] [4] 
 1,000–2,470 tanks and assault guns [5] [6] 
 14,000 guns 
 Initial aircraft: 549 serviceable; [7] [8] [9]  at time of counter offensive: 599 [10]","As of 1 October 1941: 
 1,250,000–1,400,000 men 
 1,044 [11] –3,232 tanks 
 7,600 guns 
 Initial aircraft: 936 (545 serviceable); [7]  at time of counteroffensive: 1,376 [10]","Moscow Defense : [14]  (30 September 1941 to 5 November 1942) 
 514,338 killed or missing 
 143,941 wounded 
 
 Moscow Offensive : [14]  (5 December 1941 to 7 January 1942) 
 139,586 killed or missing 
 231,369 wounded 
 
 Total : 1,029,234 (see  § Casualties )","German strategic offensive : (1 October 1941 to 10 January 1942) 
 October: 62,870 
 November: 46,374 
 December: 41,819 
 January: 23,131 
 
 Total : 174,194 KIA, WIA, MIA  (see  §7 ) [12] 
 
 Russian estimated : 581,000 killed, missing, wounded and captured. [13]",,,,,,,,,,,1941-10-01,1942-01-01
10400.0,18810.0,0.0,0.0,0.0,0.0,0.0,0.0,0.0,0.0,0.0,0.0,0.0,0.0,0.0,0.0,https://en.wikipedia.org/wiki/Toropets-Kholm_Operation,,1.0,9 January – 6 February 1942,Northwestern Russia,Soviet victory,Toropets-Kholm Operation,Soviet Winter counter-offensive,Soviet Union,Germany,Ernst Busch,Pavel Kurochkin,unknown,"122,100","10,400 killed or missing 18,810 wounded Total : 29,200 [2]","12,000 [1]   (Soviet estimate)",,,,,,,,,,,1942-01-01,1942-02-01
88908.0,156603.0,0.0,0.0,0.0,0.0,0.0,0.0,11777.0,40000.0,0.0,0.0,265.0,0.0,0.0,0.0,https://en.wikipedia.org/wiki/Demyansk_Pocket,,1.0,8 February – 20 May 1942,"Demyansk, Russian SSR, Soviet Union",German defensive victory[1],Demyansk Pocket,Soviet Winter counter-offensive,Soviet Union,Germany,Walter von Brockdorff-Ahlefeldt   Walther von Seydlitz-Kurzbach,Pavel Kurochkin,"100,000  (initially) [2] [3] 31,000  (reinforcements)","400,000  (initially)","88,908 killed & missing 156,603 wounded Total : 245,500 [5]","11,777 killed 40,000 wounded 2,739 missing 265 aircraft destroyed Total : 55,000 [4]",,,,,,,,,,,1942-02-01,1942-05-01
170958.0,106232.0,0.0,1250.0,542.0,2086.0,0.0,0.0,30000.0,0.0,0.0,108.0,49.0,0.0,0.0,0.0,https://en.wikipedia.org/wiki/Second_Battle_of_Kharkov,,1.0,12 May 1942 – 28 May 1942(2 weeks and 2 days),"Izium/Barvenkovo area, Kharkov Oblast, Ukrainian SSR, Soviet Union",Axis victory,Second Battle of Kharkov,Soviet Winter counter-offensive,Soviet Union,Germany   Romania   Hungary   Italy   Slovakia   Croatia,Fedor von Bock   Ewald von Kleist,Semyon Timoshenko   Ivan Bagramyan,"350,000 men 447 tanks [1] 40 assault guns [2] 27 tank destroyers [1] 591 aircraft [3]","12 May: 765,300 men [4] 1,176 tanks 300 self-propelled guns [5] 1,154 guns and howitzers [6] 1,700 mortars [6] 926 aircraft [7]","277,190 men
 
 170,958 killed, missing or captured 
 106,232 wounded [4] [9] 
1,250 tanks destroyed [9] 1,648–2,086 guns and howitzers lost [3] 3,278 mortars lost [3] 542 aircraft destroyed [11] 57,000 horses [3]","~20,000–30,000 men [8] [9] [10] [3] 108 tanks destroyed [3] 49 aircraft destroyed [11]   12 airmen killed [11] 98 airmen missing [11]",,,,,,,,,,,1942-05-01,1942-05-01
370500.0,197825.0,80000.0,0.0,0.0,0.0,0.0,0.0,19000.0,0.0,0.0,0.0,0.0,0.0,0.0,0.0,https://en.wikipedia.org/wiki/Battle_of_Voronezh_(1942),,1.0,28 June – 24 July 1942,"Voronezh, Soviet Union",Axis victory,Battle of Voronezh (1942),Case Blue,Soviet Union,Germany   Hungary,Hermann Hoth   Gusztáv Vitéz Jány,Filipp Golikov,"975,000","1,300,000","568,347 370,500 killed and 80,000 captured [1] 197,825 wounded [2]","94,500 casualties including 19,000 KIA and MIA [1]",,,,,,,,,,,1942-06-01,1942-07-01
478741.0,650878.0,0.0,4341.0,2769.0,15728.0,0.0,0.0,0.0,0.0,0.0,1500.0,744.0,5762.0,0.0,0.0,https://en.wikipedia.org/wiki/Battle_of_Stalingrad,[2],1.0,"23 August 1942 – 2 February 1943[Note 1](5 months, 1 week and 3 days)","Stalingrad, Russian SFSR, Soviet Union48°42′N 44°31′E﻿ / ﻿48.700°N 44.517°E﻿ / 48.700; 44.517Coordinates: 48°42′N 44°31′E﻿ / ﻿48.700°N 44.517°E﻿ / 48.700; 44.517",Soviet victory[1]Destruction of the German 6th Army,Battle of Stalingrad,Case Blue,Soviet Union,Germany   Romania   Italy   Hungary   Croatia,Adolf Hitler   Maximilian von Weichs   Friedrich Paulus     Hermann Hoth   Erich von Manstein   W.F. von Richthofen   Petre Dumitrescu   C. Constantinescu   Italo Gariboldi   Gusztáv Jány,Joseph Stalin   Georgy Zhukov   Nikolay Voronov   A.M. Vasilevsky   Andrey Yeryomenko   K.K. Rokossovsky   Nikolai Vatutin   Vasily Chuikov,"Initial : 270,000 personnel 3,000 artillery pieces 500 tanks 600 aircraft, 1,600 by mid-September ( Luftflotte 4 ) [Note 5] [2] 
 At the time of the Soviet counter-offensive : c. 1,040,000 men [3] [4] 400,000+ Germans 220,000 Italians 200,000 Hungarians 143,296 Romanians 40,000  Hiwi 10,250 artillery pieces 500 tanks (140 Romanian) 732 (402 operational) aircraft [5] : 225 [6] : 87","Initial : 187,000 personnel 2,200 artillery pieces 400 tanks 300 aircraft [2] : 72 
 At the time of the Soviet counteroffensive : 1,143,000 men [7] 13,451 artillery pieces 894 tanks [7] 1,115 [5] : 224  aircraft","1,129,619 478,741 killed or missing 650,878 wounded or sick [16] 
 2,769 aircraft 4,341 tanks (~150 by Romanians) (25-30% were total write-offs. [17] ) 15,728 guns 
See  casualties section .","647,300–868,374 [8]   Germany 300,000+ [9] [10] [11] –400,000 [12]   Italy 114,000 [13] –114,520 [14]   Romania 109,000 [13] –158,854 [14]   Hungary 105,000 [13] –143,000 [14] Hiwi  19,300–52,000 [15] 
 900 aircraft destroyed 1,500 tanks destroyed (100 Romanian) 6,000 guns destroyed 744 aircraft; 1,666 tanks; 5,762 guns captured 
See  casualties section .",,"Expulsion of the Axis from the Caucasus, reversing their gains from the 1942 Summer Campaign",,,,,,48.7,44.517,48.7,1942-08-01,1943-02-01
0.0,0.0,0.0,190.0,0.0,0.0,0.0,0.0,12000.0,0.0,0.0,84.0,300.0,106.0,0.0,0.0,https://en.wikipedia.org/wiki/Tatsinskaya_Raid,,1.0,"December 16–28, 1942","Tatsinskaya, Soviet Union",Soviet strategic victory,Tatsinskaya Raid,Operation Little Saturn,Soviet Union,Germany   Romania [1]   Italy [2],Hermann Balck,Vasily Badanov,,,Unknown KIA Unknown MIA Unknown WIA up to 190 tanks,"Soviet claims for 12,000 KIA, 5,000 POW, unknown WIA, 84 tanks, 106 guns, 300 aircraft destroyed",,,,,,,,,,,1942-12-01,1942-12-01
0.0,0.0,0.0,0.0,0.0,0.0,0.0,0.0,0.0,0.0,0.0,0.0,0.0,0.0,0.0,0.0,https://en.wikipedia.org/wiki/Battle_of_Nikolayevka,,1.0,"January 13–26, 1943 (including prelude)","Nikolayevka, Belgorod Oblast, Russian SFSR, Soviet Union",Axis breakout,Battle of Nikolayevka,Operation Little Saturn,Soviet Union,Italy   Hungary,Giulio Martinat   †   Luigi Reverberi,Fyodor Kuznetsov   Dmitri Lelyushenko,"8–9,000 [ citation needed ]","6,000 infantry (plus  Soviet partisans ) [ citation needed ]",Unknown,Unknown,,,,,,,,,,,1943-01-01,1943-01-01
20000.0,0.0,0.0,0.0,0.0,0.0,0.0,0.0,3645.0,0.0,0.0,0.0,0.0,0.0,0.0,0.0,https://en.wikipedia.org/wiki/Battle_of_Krasny_Bor,,1.0,10-13 February 1943,"Krasny Bor, near present-day Saint Petersburg, Russia",Axis Pyrrhic victory,Battle of Krasny Bor,Operation Polyarnaya Zvezda,Soviet Union,Germany,Georg Lindemann Emilio Esteban Infantes,Vladimir Sviridov Leonid Govorov Kliment Voroshilov,"Initially :
 
 250th: 5,900 infantry 
 4th SS: uncertain 
 Reinforcements : unknown","33,000 infantry 30 tanks 1,000 artillery pieces (Initially) 
 
 Total : 38,000 infantry 90 tanks","20,000+ casualties","3,645 killed & wounded 300 missing (250th Infantry Division)",,,,,,,,,,,1943-02-01,1943-02-01
3000.0,0.0,0.0,0.0,0.0,0.0,0.0,0.0,1500.0,0.0,0.0,0.0,0.0,0.0,0.0,0.0,https://en.wikipedia.org/wiki/Battle_of_Lenino,,1.0,"October 12–13, 1943","Lenino, Byelorussian SSR, Soviet Union",Soviet-Polish offensive failureLimited territorial gains for the Soviet-Polish forces,Battle of Lenino,Battle of Smolensk (1943),Soviet Union   Poland,Germany,Gottfried Fröhlich,Vasiliy Nikolayevich Gordov   Zygmunt Berling,"Army Group Centre 
 
 German 4th Army",33rd Soviet Army Polish 1st Tadeusz Kościuszko Infantry Division,c. 3000,c. 1500,,,,,,,,,,,1943-10-01,1943-10-01
0.0,0.0,0.0,0.0,0.0,0.0,0.0,0.0,0.0,0.0,0.0,0.0,0.0,0.0,0.0,0.0,https://en.wikipedia.org/wiki/Battle_of_Belgorod,,1.0,3 August 1943 – 23 August 1943,Belgorod,Soviet victory,Battle of Belgorod,Fourth Battle of Kharkov,Soviet Union,Nazi Germany,Erich von Manstein,Nikolai Vatutin     Ivan Konev,,,,,Unknown,,,,,,,,,,1943-08-01,1943-08-01
28141.0,89901.0,0.0,271.0,125.0,0.0,0.0,0.0,2628.0,13083.0,0.0,0.0,0.0,0.0,0.0,0.0,https://en.wikipedia.org/wiki/Battle_of_Kiev_(1943),,1.0,3 November 1943 – 13 November 1943(Offensive operation) 13 November 1943 – 22 December 1943(Defensive operation),"Kiev, Soviet Union",Soviet victory,Battle of Kiev (1943),Battle of the Dnieper,Soviet Union   Czechoslovakia,Germany,Nikolai Vatutin,Hermann Hoth   Erhard Raus,"730,000 men [1] 7,000 guns and mortars 675 tanks and assault guns 700 combat aircraft",Unknown,"118,042 men [1] 
 
 28,141 killed, missing or captured 
 89,901 wounded or sick 
 271 tanks (3–13 November)
 
125 aircraft (3–13 November)","16,992 men [2] 
 
 2,628 killed 
 13,083 wounded 
 1,281 missing",,,,,,,,,,,1943-11-01,1943-12-01
24286.0,55902.0,0.0,728.0,0.0,0.0,0.0,0.0,1000.0,0.0,18000.0,300.0,50.0,0.0,0.0,0.0,https://en.wikipedia.org/wiki/Battle_of_the_Korsun%E2%80%93Cherkassy_Pocket,,1.0,24 January 1944 – 16 February 1944,"Cherkasy / Korsun, USSR",Soviet victory and successful encirclement.[1][2],Korsun Pocket,Dnieper–Carpathian Offensive,Soviet Union,Germany,Erich von Manstein Otto Wöhler   Hermann Breith Wilhelm Stemmermann   †,Georgy Zhukov   Nikolai Vatutin   Ivan Konev,"60,000 men in pocket  59  tanks  in pocket 242 artillery pieces in pocket [3] 80,000 men (reinforcement) III Panzer Corps (201 tanks) (reinforcement) [4] XLVII Panzer Corps (58 tanks) (reinforcement) [5]","336,700 men [6]  524 tanks (initially) 400 tanks (reinforcement) 1,054 aircraft 5,300 artillery pieces and mortars [7]","80,188
 
 24,286 killed or missing 55,902 wounded and sick [16] [17]    728 tanks [18]","Frieser, Zetterling and Frankson : In the pocket: 
30,000 killed, captured and wounded [8] Outside the pocket: 1st Panzer Army - 4,181 men [9] VII Army Corps - 1,000 men [10] 8th Army - 4,500 men [11] Total:
~40,000 men 300 tanks and assault guns [12] 50 aircraft [13] Erickson, Glantz and House : 73,000
 
 55,000 killed and wounded 18,000 prisoners [14] [15]",,,,,,,,,,,1944-01-01,1944-02-01
0.0,0.0,0.0,0.0,0.0,0.0,0.0,0.0,0.0,0.0,0.0,0.0,0.0,0.0,0.0,0.0,https://en.wikipedia.org/wiki/Uman%E2%80%93Boto%C8%99ani_Offensive,,1.0,5 March – 17 April 1944,175-kilometre (109 mi) sector of the front between Uman and Kirovograd in western Ukraine,Decisive Soviet victory,Uman-Botoshany Offensive,Dnieper–Carpathian Offensive,Soviet Union,Germany   Romania,Ivan Konev,Erich von Manstein,"2nd Ukrainian Front 691,000 men 670 tanks and assault guns 8,890 artillery pieces","German 8th Army 400,000 men 450 tanks and assault guns 3,500 artillery pieces","121,204 overall [1] [2]","45,000 Germans killed  25,000 Germans captured 130,000 total German casualties excluding Romanians",,,,,,,,,,,1944-03-01,1944-04-01
0.0,0.0,0.0,318.0,0.0,0.0,0.0,0.0,0.0,0.0,14549.0,0.0,0.0,0.0,0.0,0.0,https://en.wikipedia.org/wiki/Kamenets-Podolsky_pocket,,1.0,25 March – 8 April 1944,"Kamianets-Podilskyi / Tarnopol, USSR",Strategic Soviet victory,Kamenets-Podolsky pocket,Dnieper–Carpathian Offensive,Soviet Union,Germany   Hungary,Erich von Manstein ( Army Group South )   Walther Model  ( Army Group North Ukraine )   Hans-Valentin Hube ( 1st Panzer Army )   Erhard Raus  ( 4th Panzer Army ),Georgi Zhukov ( 1st Ukrainian Front )   Ivan Koniev ( 2nd Ukrainian Front ),"220,000 men 43 tanks 50 assault guns",Unknown,318 tanks and assault guns [3],"14,549 captured [1] 
 
45,000 overall in the pocket [2] , excluding the 4th Panzer Army",,,,,,,,,,,1944-03-01,1944-04-01
0.0,0.0,0.0,0.0,0.0,0.0,0.0,0.0,0.0,0.0,0.0,0.0,0.0,0.0,0.0,0.0,https://en.wikipedia.org/wiki/Krasnoye_Selo%E2%80%93Ropsha_Offensive,,1.0,14–30 January 1944,"Leningrad Oblast, Soviet Union",Soviet victory,Krasnoye Selo–Ropsha Offensive,Battle of Narva (1944),Soviet Union,Germany,Georg von Küchler,Leonid Govorov,One army 110 armoured vehicles,Three armies 681 armoured vehicles  1200 artillery [1],,,"21,000 all causes 85 artillery [2]",,,,,,,,,,1944-01-01,1944-01-01
0.0,0.0,0.0,0.0,0.0,0.0,0.0,0.0,0.0,0.0,0.0,0.0,0.0,0.0,0.0,0.0,https://en.wikipedia.org/wiki/Kingisepp%E2%80%93Gdov_Offensive,,1.0,1 February—1 March 1944,"Leningrad region, Soviet Union; Narva, Estonia",Soviet victory,Kingisepp–Gdov Offensive,Battle of Narva (1944),Soviet Union,Germany,Georg Lindemann,Leonid A. Govorov,"One army: 100,000 personnel 1500 artillery 100 armoured vehicles 400 aircraft [1]",Two armies and the  Baltic Fleet,,,,,,,,,,,,,1944-02-01,1944-03-01
0.0,0.0,0.0,0.0,0.0,0.0,0.0,0.0,0.0,0.0,0.0,0.0,0.0,0.0,0.0,0.0,https://en.wikipedia.org/wiki/Narva_Offensive_(15%E2%80%9328_February_1944),,1.0,15 - 28 February 1944,"Narva, Estonia",German defensive victory,Narva Offensive (15–28 February 1944),Battle of Narva (1944),Soviet Union,Germany,Johannes Frießner,Leonid A. Govorov,"123,541 [1] 100 armoured vehicles 1,500 artillery pieces 400 aircraft [2]","200,000 [3]",unknown,unknown,,,,,,,,,,,1944-02-01,1944-02-01
0.0,0.0,0.0,0.0,0.0,0.0,0.0,0.0,0.0,0.0,0.0,0.0,0.0,0.0,0.0,0.0,https://en.wikipedia.org/wiki/Narva_Offensive_(1%E2%80%934_March_1944),,1.0,1–4 March 1944,"Narva, Estonia",German defensive victory,Narva Offensive (1–4 March 1944),Battle of Narva (1944),Soviet Union,Germany,Johannes Frießner,Leonid A. Govorov,"123,541 [1]","200,000 [2] 100 armoured vehicles [3] 2,500 artillery pieces 800 aircraft [1]",Many more than the Germans [2],thousands [2] [4],,,,,,,,,,,1944-03-01,1944-03-01
6985.0,20412.0,0.0,38.0,0.0,25.0,0.0,0.0,0.0,0.0,0.0,0.0,0.0,0.0,0.0,0.0,https://en.wikipedia.org/wiki/Kerch-Eltigen_Operation,,1.0,November 1943,"Kerch Peninsula, Soviet Union",Axis defensive victoryStrategic Soviet victory,Kerch-Eltigen Operation,Crimean Offensive (1944),Soviet Union,Germany   Romania,Ivan Petrov   Lev Vladimirsky,Erwin Jaenecke   Corneliu Teodorini,"150,000 [1] 45 assault guns [2]","75,000+ 582 guns","6,985 killed or missing [1] 20,412 sick or wounded [1] 38 tanks captured 25 anti-tank guns captured Total : 27,397 [1]",unknown,,,,,,,,,,,1943-11-01,1943-11-01
11014.0,0.0,0.0,318.0,113.0,0.0,0.0,0.0,41700.0,0.0,0.0,126.0,0.0,0.0,0.0,0.0,https://en.wikipedia.org/wiki/Vitebsk%E2%80%93Orsha_Offensive,,1.0,23–28 June 1944,Belorussian SSR55°12′N 30°12′E﻿ / ﻿55.2°N 30.2°E﻿ / 55.2; 30.2Coordinates: 55°12′N 30°12′E﻿ / ﻿55.2°N 30.2°E﻿ / 55.2; 30.2,Soviet victory,Vitebsk–Orsha Offensive,Operation Bagration,Soviet Union,Nazi Germany,Georg-Hans Reinhardt  ( Third Panzer Army ) Kurt von Tippelskirch  ( Fourth Army ),Hovhannes Bagramyan  ( 1st Baltic Front ) Ivan Chernyakhovsky  ( 3rd Belorussian Front ),14 infantry divisions 2 panzer divisions (exact number of troops unknown),?,"11,014 killed  318 tanks destroyed 113 aircraft shot down {{ Citation needed }}","41,700 killed 126 tanks and assault guns destroyed 1,840 armored vehicles 17,800 taken prisoner {{ Citation needed }}",,,,,,,,55.2,30.2,55.2,1944-06-01,1944-06-01
0.0,0.0,0.0,0.0,0.0,0.0,0.0,0.0,33000.0,0.0,0.0,0.0,0.0,0.0,0.0,0.0,https://en.wikipedia.org/wiki/Mogilev_Offensive,,1.0,"June 23, 1944 – June 28, 1944",Belorussian SSR53°54′N 30°12′E﻿ / ﻿53.9°N 30.2°E﻿ / 53.9; 30.2Coordinates: 53°54′N 30°12′E﻿ / ﻿53.9°N 30.2°E﻿ / 53.9; 30.2,Soviet Victory,Mogilev Offensive,Operation Bagration,Soviet Union,Nazi Germany,Kurt von Tippelskirch  ( Fourth Army ),Georgiy Zakharov ( 2nd Belorussian Front ),?,?,?,"33,000 killed, 3,250 POW (Soviet est) [1]",,,,,,,,53.9,30.2,53.9,1944-06-01,1944-06-01
0.0,0.0,0.0,0.0,0.0,0.0,0.0,0.0,50000.0,0.0,20000.0,0.0,0.0,0.0,0.0,0.0,https://en.wikipedia.org/wiki/Bobruysk_Offensive,June 1944,1.0,23–28 June 1944,Belorussian SSR53°06′N 29°12′E﻿ / ﻿53.1°N 29.2°E﻿ / 53.1; 29.2Coordinates: 53°06′N 29°12′E﻿ / ﻿53.1°N 29.2°E﻿ / 53.1; 29.2,Soviet Victory,Bobruysk Offensive,Operation Bagration,Soviet Union,Germany,Hans Jordan  ( Ninth Army ),Konstantin Rokossovsky ( 1st Belorussian Front ),"90,000",?,?,"50,000 killed, 20,000 captured, 12,000 escaped encirclement",,,,,,,,53.1,29.2,53.1,1944-06-01,1944-06-01
0.0,0.0,0.0,0.0,0.0,0.0,0.0,0.0,40000.0,0.0,0.0,0.0,0.0,0.0,0.0,0.0,https://en.wikipedia.org/wiki/Minsk_Offensive,,1.0,29 June — 4 July 1944,Belorussian SSR,Soviet Victory,Minsk Offensive,Operation Bagration,Soviet Union,Germany,Walter Model ( Army Group Centre )   Kurt von Tippelskirch   Dietrich von Saucken   Vincenz Müller  (elements of  Fourth Army ),Ivan Chernyakhovsky ( 3rd Belorussian Front )     Konstantin Rokossovsky ( 1st Belorussian Front )     Georgiy Zakharov ( 2nd Belorussian Front )     Hovhannes Bagramyan ( 1st Baltic Front ),unknown,unknown,unknown,"100,000 troops caught in encirclement (40,000 killed or missing, rest either wounded or captured)",,,,,,,,,,,1944-06-01,1944-07-01
0.0,0.0,0.0,0.0,0.0,0.0,0.0,0.0,37000.0,0.0,0.0,0.0,0.0,0.0,0.0,0.0,https://en.wikipedia.org/wiki/Polotsk_Offensive,,1.0,"June 29, 1944 – July 4, 1944",Belorussian SSR,Soviet Victory,Polotsk Offensive,Operation Bagration,Soviet Union,Nazi Germany,Georg-Hans Reinhardt  ( Third Panzer Army ) Rolf Wuthmann  ( IX Corps ),Hovhannes Bagramyan ( 1st Baltic Front ),?,?,?,"37,000 dead, 7,000 POW (Soviet est) [1]",,,,,,,,,,,1944-06-01,1944-07-01
0.0,0.0,0.0,0.0,0.0,0.0,0.0,0.0,0.0,0.0,0.0,0.0,0.0,0.0,0.0,0.0,https://en.wikipedia.org/wiki/%C5%A0iauliai_Offensive,,1.0,"July 5, 1944 – August 29, 1944","Belorussian SSR, Lithuania, and Latvia56°N 24°E﻿ / ﻿56°N 24°E﻿ / 56; 24Coordinates: 56°N 24°E﻿ / ﻿56°N 24°E﻿ / 56; 24",Soviet victory,Šiauliai Offensive,Operation Bagration,Soviet Union,Germany,Georg-Hans Reinhardt ( Third Panzer Army ) Paul Laux  ( Sixteenth Army ),Hovhannes Bagramyan ( 1st Baltic Front ),,,,,,,,,,,,56.0,24.0,56.0,1944-07-01,1944-08-01
0.0,0.0,0.0,70.0,0.0,0.0,0.0,0.0,8000.0,0.0,5000.0,0.0,0.0,0.0,0.0,0.0,https://en.wikipedia.org/wiki/Vilnius_Offensive,,1.0,July 1944,Belarus (Minsk Region) and Lithuania (Vilnius Region and Alytus Region)54°40′N 25°15′E﻿ / ﻿54.667°N 25.250°E﻿ / 54.667; 25.250Coordinates: 54°40′N 25°15′E﻿ / ﻿54.667°N 25.250°E﻿ / 54.667; 25.250,Soviet victory,Vilnius Offensive,Operation Bagration,Soviet Union,Germany,Ivan Chernyakhovsky   Pavel Rotmistrov,Walter Model   Dietrich von Saucken   Rainer Stahel   Theodor Tolsdorff,"~100,000","7,700","50-70 tanks
 
?","8,000 killed; 5,000 captured in Vilnius alone (Soviet est)",,,,Polish  Home Army,Aleksander Krzyżanowski   Antoni Olechnowicz,"4,200",500.0,54.667,25.25,54.667,1944-07-01,1944-07-01
0.0,0.0,0.0,0.0,0.0,0.0,0.0,0.0,30000.0,0.0,0.0,0.0,0.0,0.0,0.0,0.0,https://en.wikipedia.org/wiki/Belostock_Offensive,July 1944,1.0,5–27 July 1944,Poland,Soviet victory,Belostock Offensive,Operation Bagration,Soviet Union,Nazi Germany,Helmuth Weidling  (remnants of  Fourth Army ) Walter Weiß  (elements of  Second Army ),Georgy Zakharov ( 2nd Belorussian Front ),?,?,?,"30,000 killed, 1,011 POW (Soviet est) [1]",,,,,,,,,,,1944-07-01,1944-07-01
0.0,0.0,0.0,0.0,0.0,0.0,0.0,0.0,0.0,0.0,0.0,0.0,0.0,0.0,0.0,0.0,https://en.wikipedia.org/wiki/Lublin%E2%80%93Brest_Offensive,,1.0,"18 July - 2 August 1944 (primary operation), 30 September 1944 (secondary operation)",Eastern Poland and Western Belarus,Soviet victory,Lublin–Brest Offensive,Operation Bagration,Soviet Union   Poland,Germany   Romania,Josef Harpe  ( Army Group North Ukraine )   Georg Hans Reinhardt  ( Army Group Centre ),Konstantin Rokossovsky  ( 1st Belorussian Front ),,,,,,,,,,,,,,,1944-07-01,1944-09-01
0.0,0.0,0.0,0.0,0.0,0.0,0.0,0.0,0.0,0.0,0.0,0.0,0.0,0.0,0.0,0.0,https://en.wikipedia.org/wiki/Kaunas_Offensive,,1.0,"July 28 - August 28, 1944","Kaunas area, Lithuania54°55′N 24°00′E﻿ / ﻿54.917°N 24.000°E﻿ / 54.917; 24.000Coordinates: 54°55′N 24°00′E﻿ / ﻿54.917°N 24.000°E﻿ / 54.917; 24.000",Soviet victory,Kaunas Offensive,Operation Bagration,Soviet Union,Germany,Walter Model ( Army Group Centre ),Ivan Chernyakhovsky ( 3rd Belorussian Front ),,,,,,,,,,,,54.917,24.0,54.917,1944-07-01,1944-08-01
0.0,0.0,0.0,0.0,0.0,0.0,0.0,0.0,0.0,0.0,0.0,0.0,0.0,0.0,0.0,0.0,https://en.wikipedia.org/wiki/Osovets_Offensive,,1.0,"August 6, 1944 – August 14, 1944",Poland,,Osovets Offensive,Operation Bagration,Soviet Union,Nazi Germany,"Helmuth Weidling , Friedrich Herrlein",Gyorgy Zakharov ( 2nd Belorussian Front ),?,?,?,?,,,,,,,,,,,1944-08-01,1944-08-01
0.0,0.0,0.0,0.0,0.0,0.0,0.0,0.0,0.0,0.0,0.0,0.0,0.0,0.0,0.0,0.0,https://en.wikipedia.org/wiki/Riga_Offensive_(1944),,1.0,"September 14 - October 24, 1944","Latvia, Estonia",Soviet victory,Riga Offensive (1944),Baltic Offensive,Soviet Union,Germany,Ferdinand Schörner,Ivan Bagramyan Andrei Yeremenko   Ivan Maslennikov,,,,,,,,,,,,,,,1944-09-01,1944-10-01
0.0,0.0,0.0,0.0,0.0,0.0,0.0,0.0,7000.0,0.0,700.0,0.0,0.0,0.0,0.0,0.0,https://en.wikipedia.org/wiki/Moonsund_Landing_Operation,,1.0,"September 29, 1944 – November 24, 1944","West Estonian archipelago (Moonsund archipelago), Estonia",Soviet victory,Moonsund Landing Operation,Baltic Offensive,Soviet Union   Finland [1],Germany,Ferdinand Schörner,Leonid Govorov,"18,000",unknown,unknown,"7,000 killed 700 captured 1,400 horses killed Total : 13,500 casualties",,,,,,,,,,,1944-09-01,1944-11-01
0.0,0.0,0.0,0.0,0.0,0.0,0.0,0.0,0.0,0.0,0.0,0.0,0.0,0.0,0.0,0.0,https://en.wikipedia.org/wiki/Battle_of_Memel,,1.0,5–22 October 1944 (main offensive); 28 January 1945 (end of siege),Klaipėda (Lithuania / East Prussia)55°40′N 21°30′E﻿ / ﻿55.667°N 21.500°E﻿ / 55.667; 21.500Coordinates: 55°40′N 21°30′E﻿ / ﻿55.667°N 21.500°E﻿ / 55.667; 21.500,Soviet victory,Battle of Memel,Baltic Offensive,Soviet Union,Germany,Erhard Raus ( Third Panzer Army ) Hans Gollnick ( XXVIII Corps ),Hovhannes Bagramyan ( 1st Baltic Front ),,,,,,,,,,,,55.667,21.5,55.667,1944-10-01,1945-01-01
0.0,0.0,0.0,0.0,0.0,0.0,0.0,0.0,0.0,0.0,0.0,0.0,0.0,0.0,0.0,0.0,https://en.wikipedia.org/wiki/Battle_of_Pozna%C5%84_(1945),,1.0,24 January – 23 February 1945,"Poznań (Posen) and nearby area, Poland",Soviet victory,Battle of Poznań (1945),Vistula–Oder Offensive,Soviet Union   Poland,Nazi Germany   Hungary,Mikhail Katukov   Vasily Chuikov,Ernst Mattern   Ernst Gonell   †,"100,000 Soviet soldiers 5,000 Polish soldiers","15,700 fortress garrison soldiers 22,600 regular field soldiers 11,600 auxiliary forces 8,000 Volkssturm 1,100 Hungarian soldiers and mobilised Polish citizens 25,000 SS and Police soldiers","10,000 Soviet KIA 700 Polish KIA","6,000 German KIA 100 Hungarian KIA 23,000 POW",,,,,,,,,,,1945-01-01,1945-02-01
146780.0,97553.0,0.0,2000.0,0.0,0.0,0.0,0.0,80000.0,0.0,50000.0,605.0,0.0,0.0,0.0,0.0,https://en.wikipedia.org/wiki/Heiligenbeil_Pocket,,1.0,26 January – 29 March 1945,East Prussia,Soviet victory,Heiligenbeil Pocket,East Prussian Offensive,Soviet Union,Nazi Germany,Friedrich Hossbach  ( 4th Army  until January 29)   Friedrich Müller  ( 4th Army  from January 29),Konstantin Rokossovsky ( 2nd Belorussian Front )     Ivan Chernyakhovsky ( 3rd Belorussian Front  until February 18 – KIA that day)    Aleksandr Vasilevsky  ( 3rd Belorussian Front  from February 19),"?150,000",?,"146,780 killed, 97,553 sick or wounded, 2000 tanks and sp guns (estimated) [ citation needed ]","80,000 killed 50,000 captured 605 tanks 128 planes (According to Soviet information)  [1]",,,,,,,,,,,1945-01-01,1945-03-01
3700.0,0.0,0.0,0.0,0.0,0.0,0.0,0.0,50000.0,0.0,0.0,0.0,0.0,0.0,0.0,0.0,https://en.wikipedia.org/wiki/Battle_of_K%C3%B6nigsberg,,1.0,Late January to 9 April 1945Final assault 6 April – 9 April,"Königsberg, Germany (now: Kaliningrad, Russia)",Soviet victory,Battle of Königsberg,East Prussian Offensive,Soviet Union,Germany,Otto Lasch   ( POW ),Aleksandr Vasilyevskiy Ivan Bagramyan Konstantin Rokossovskiy,"60,000 [1] –130,000, 4,000 artillery guns and mortars, 108 tanks and assault guns, 170 aircraft [2]","137,000 (24,500 participated in active phase with rest supporting), 5,200 artillery guns and mortars, 528 tanks and SPG, 2174 aircraft [2]","3,700 casualties for the final assault [2]","50,000 casualties 80,000 taken prisoner According to Soviet information, the Germans lost 42,000 soldiers in combat and 92,000 were captured. [3]",,,,,,,,,,,1945-01-01,1945-04-01
0.0,0.0,0.0,0.0,0.0,0.0,0.0,0.0,0.0,0.0,0.0,0.0,0.0,0.0,0.0,0.0,https://en.wikipedia.org/wiki/Upper_Silesian_Offensive,,1.0,15–31 March 1945,"Upper Silesia, Germany",Soviet victory,Upper Silesian Offensive,Silesian Offensives,Soviet Union,Germany,Ferdinand Schoerner,Ivan Konev,unknown,"408,400 [1]","66,801 (including 15,876 irrecoverable) [1]",unknown,,,,,,,,,,,1945-03-01,1945-03-01
1206.0,0.0,0.0,0.0,0.0,0.0,0.0,0.0,0.0,0.0,2000.0,0.0,0.0,0.0,0.0,0.0,https://en.wikipedia.org/wiki/Battle_of_Kolberg_(1945),,1.0,"March 4–18, 1945","Kolberg, Pomerania, Germany(now Kołobrzeg, Poland)",Soviet and Polish victory,Battle of Kolberg,East Pomeranian Offensive,Soviet Union   Poland,Germany,Fritz Fullriede,Stanislav Poplavsky,"10,000","28,000+","1,206 killed and missing","KIA: unknown ~2,000 captured",,,,,,,,,,,1945-03-01,1945-03-01
2500.0,0.0,0.0,0.0,0.0,0.0,0.0,0.0,10000.0,0.0,0.0,0.0,0.0,0.0,0.0,0.0,https://en.wikipedia.org/wiki/Battle_of_the_Transdanubian_Hills,,1.0,6–21 March 1945,Drava river valley and Transdanubian Hills,Allied victory,Battle of the Transdanubian Hills,Operation Spring Awakening,Bulgaria       Soviet Union   Yugoslavia,Germany,Vladimir Stoychev   Mikhail Sharokhin [1]   Kosta Nađ,Maximilian de Angelis   Werner von Erdmannsdorff,Bulgarian 1st Army Soviet 57th Army Yugoslav 3rd Army,2nd Panzer Army LXXXXI Corps,"2,500","10,000",,,,,,,,,,,1945-03-01,1945-03-01
20000.0,0.0,0.0,0.0,0.0,0.0,0.0,0.0,30000.0,0.0,0.0,0.0,0.0,0.0,0.0,0.0,https://en.wikipedia.org/wiki/Battle_of_Halbe,,1.0,"April 24 – May 1, 1945","Halbe, Germany52°6′24″N 13°42′3″E﻿ / ﻿52.10667°N 13.70083°E﻿ / 52.10667; 13.70083Coordinates: 52°6′24″N 13°42′3″E﻿ / ﻿52.10667°N 13.70083°E﻿ / 52.10667; 13.70083",Soviet victory,Battle of Halbe,Battle of Berlin,Soviet Union,Germany,Theodor Busse Walther Wenck,Georgy Zhukov Ivan Konev,"About 80,000
 
 
 79 tanks 
 150 armoured vehicles","280,000","20,000 killed or missing","30,000 killed 25,000 escaped 10,000 civilians killed",,,,,,,,52.10667,13.70083,52.10667,1945-04-01,1945-05-01
,,,,,,,,,,,,,,,,,,,,,,,,,,,,,,,,,,,,,,,,,,1944-08-09,1944-08-16
