url,time,level,Date,Location,Result,name,parent,Belligerents.allies,Belligerents.axis,Commanders and leaders.allies,Commanders and leaders.axis,Strength.allies,Strength.axis,Casualties and losses.allies,Casualties and losses.axis,Territorialchanges,Commanders and leaders.total,Casualties and losses.total,Status
https://en.wikipedia.org/wiki/Saar_Offensive,September 1939,0,7–16 September 1939 (1939-09-07 – 1939-09-16),"Saarland, GermanyCoordinates: 49°10′N 7°15′E﻿ / ﻿49.167°N 7.250°E﻿ / 49.167; 7.250",French withdrawal,French offensive into Germany,Western Front,France,Germany,Maurice Gamelin   A.G. Prétalat,Erwin von Witzleben,"40 divisions 400 tanks 4,700 artillery pieces",22 divisions 100 artillery pieces,"2,000 casualties [1] 4 tanks destroyed",196 killed 356 wounded 114 missing [2] 11 aircraft destroyed [3],,,,
https://en.wikipedia.org/wiki/German_invasion_of_Denmark_(1940),,1,9 April 1940,Denmark,German victory,German Invasion of Denmark,Operation Weserübung,Denmark,Germany,Christian X   William Wain Prior [1],Leonhard Kaupisch [2],"14,500 soldiers (Zealand, Jutland divisions, &  Bornholm  garrison) [3] 4 air force squadrons 2 coastal defence ships 6 torpedo boats 7 submarines 3 minelayers 9 minesweepers 4 inspection ships",Höheres Kommando XXXI : [4] 170th Infantry Division 198th Infantry Division 11th Schützen Brigade 527 aircraft (of the  X. Fliegerkorps ) [5],26 killed [6] 23 wounded [6] (includes casualties of the civil air defence) 12 aircraft destroyed 14 aircraft damaged,20 killed & wounded [7] [6] 2 captured 12 armoured cars destroyed or damaged 4 tanks damaged 1 aircraft damaged [7] 1 tugboat sunk [8],Occupation of Denmark,,,
https://en.wikipedia.org/wiki/Battles_of_Narvik,,2,9 April 1940,"Narvik, Norway",German victory,Battles of Narvik,German invasion of Norway,Norway,Germany,Per Askim   Odd Isaachsen Willoch   †,Friedrich Bonte     Eduard Dietl,2 coastal defence ships,10 destroyers,2 coastal defence ships sunk 343 dead,One cargo ship scuttled (no fatalities),,,,
https://en.wikipedia.org/wiki/Battle_of_Dr%C3%B8bak_Sound,,2,9 April 1940,"Drøbak Sound, Oslofjord, Norway","Norwegian victory 

German invasion force delayed
Evacuation of the Norwegian Parliament, Royal Family, and gold reserve",Battle of Drøbak Sound,German invasion of Norway,Norway,Germany,Birger Eriksen   ( POW ),Oskar Kummetz   ( POW ) August Thiele,"Oscarsborg Fortress : 
 Main Battery: 3 × 28 cm   coastal guns 4 × anti-aircraft machine guns [1] Kopås Battery: 3 × 15 cm coastal guns 
 Husvik Battery: 2 × 57 mm mine barrier protection guns 
 Torpedo Battery: 3 × double [2]  land based  underwater  launch tunnels for 45 cm torpedoes [3] 
3 × single [4] [5] [6]  land based  underwater  launch tunnels for 45 cm torpedoes [3] 
 Seiersten Battery: 2 ×  Bofors 40 mm L/60 anti-aircraft guns 3 ×  Colt M/29  7,92 mm anti-aircraft machine guns 
 Håøya Battery: 4 × Colt M/29 7,92 mm anti-aircraft machine guns 
 Nesset Battery: 4 × 57 mm  Cockerill  L/60 guns 
 
 Infantry support: One company of the  Norwegian Royal Guards Total crew: 45 officers 293 NCOs and men, 69 officers and men of the Norwegian Royal Guards [7]",2  heavy cruisers 1  light cruiser 1  torpedo boat 2  minesweepers,"No casualties, although most buildings above ground at the Main Battery were burnt to the ground. [8]","1 heavy cruiser sunk 1 heavy cruiser damaged 650–800 dead [9] 50 wounded [7] 1,000 temporarily taken prisoner",,,,
https://en.wikipedia.org/wiki/Battle_of_Midtskogen,,2,10 April 1940,"Elverum, Østerdalen, Norway60°52′36″N 11°28′05″E﻿ / ﻿60.87667°N 11.46806°E﻿ / 60.87667; 11.46806Coordinates: 60°52′36″N 11°28′05″E﻿ / ﻿60.87667°N 11.46806°E﻿ / 60.87667; 11.46806",Norwegian victory,Battle of Midtskogen,German invasion of Norway,Norway,Germany,Olaf Helset   Oliver Møystad,Eberhard Spiller   †,100+ soldiers & militia 2 machine guns ( Colt M/29 ),100+ paratroopers,3 wounded,5 killed unknown number wounded,,,,
https://en.wikipedia.org/wiki/Battle_of_Domb%C3%A5s,,2,14–19 April 1940,"Dombås area in Dovre, Gudbrandsdal, Norway","Norwegian tactical victory

German Fallschirmjäger company blocks the north-south and west-east rail and road systems for five days before surrendering",Battle of Dombås,German invasion of Norway,Norway,Germany,14–17 April: Ivar Navelsaker [1] 17–19 April: Arne Sunde [2],Herbert Schmidt   ( POW ) [3],"14–17 April: •2nd Battalion, Infantry Regiment 11 [3] •No. 1 Company of Infantry Regiment 5 [4] 17–19 April: •1st Battalion, Infantry Regiment 11 •No. 1 Company of Infantry Regiment 5 •Machine gun platoon from  NoAAS  Jagevingen •40 mm anti-aircraft gun [5] 19 April: • Rail mounted   howitzer  manned by  Royal Marines [2]","•4 officers and 181 men of the 1st Company, 1st Regiment of the 7th  Flieger  Division [6]",20 dead 20 wounded [7],"During the drop: 15 dead, 20 wounded and 14 injured. 7  Junkers Ju 52s  shot down, an eighth Ju 52 landed in Sweden and sank through a frozen lake. During the fighting: 6  killed 6  wounded ca. 150 captured",,,,
https://en.wikipedia.org/wiki/%C3%85ndalsnes_landings,,2,19 April – early May 1940,"Åndalsnes, Romsdal, Norway",German victory,Åndalsnes landings,German invasion of Norway,United Kingdom   Norway,Nazi Germany,,,"British 148th Infantry Brigade  ~1,500 Men","Unknown (Had heavy and light artillery Support), 3 Pz I or II, 1 Pz IV  [1]","~1,190 Casualties",Light,,Bernard Paget       Harold Morgan [1],,
https://en.wikipedia.org/wiki/Battle_of_Mill,,1,10–11 May 1940,"Mill, the Netherlands",German victory,Battle of Mill,Battle of the Netherlands,Netherlands,Germany,A. A. van Nijnatten,Gerhard Kauffmann   Friedrich Weber,"2,000 20 field guns 3 anti-tank guns 47 casemates","30,000 15 mortars 2 field guns 3 anti-tank guns 1 armoured train 1 troop train 37 light bombers",30 killed 50 wounded,500+ killed & wounded 1 armoured train derailed 1 troop train destroyed,,,,
https://en.wikipedia.org/wiki/Battle_for_The_Hague,,1,10 May 1940,"The Hague, NetherlandsCoordinates: 52°5′N 4°19′E﻿ / ﻿52.083°N 4.317°E﻿ / 52.083; 4.317","Decisive Dutch victory

Failure of the Fallschirmjager to hold initial gains
Successful Dutch counter-attacks lead to the failure of the German objective of capturing The Hauge",Battle for The Hague,Battle of the Netherlands,Netherlands,Nazi Germany,Henri Winkelman,Hans von Sponeck,"11,100 2 armoured car squadrons 4 bombers 1 destroyer","3,000  Fallschirmjäger",515 killed [1],"134–400 killed 700 wounded 1,745 captured 125 aircraft destroyed 47 aircraft damaged [2]",,,,
https://en.wikipedia.org/wiki/Battle_of_Rotterdam,,1,10–14 May 1940,"Rotterdam, Netherlands, and the surrounding area51°55′51″N 4°28′45″E﻿ / ﻿51.93083°N 4.47917°E﻿ / 51.93083; 4.47917Coordinates: 51°55′51″N 4°28′45″E﻿ / ﻿51.93083°N 4.47917°E﻿ / 51.93083; 4.47917",German victory,Battle of Rotterdam,Battle of the Netherlands,"Netherlands 
 
   United Kingdom [1]",Germany,"Col.  P. W. Scharroo 
 
   Major Clifford Brazier",Gen.  Kurt Student,"7,000 soldiers 12 artillery pieces 6 anti-tank guns 2 armoured cars 1 gunboat 1 motor torpedo boat 1 demolition team UK","1,000 soldiers 12 float planes",185 killed [2] 1 armoured car damaged 3 aircraft destroyed 1 motor torpedo boat damaged,123 killed [2] [3] 5 aircraft destroyed,,,,
https://en.wikipedia.org/wiki/Battle_of_Maastricht,,1,10 May 1940,"Maastricht, Netherlands, and the surrounding area",German victory,Battle of Maastricht,Battle of the Netherlands,Kingdom of the Netherlands,Nazi Germany,Henri Winkelman,Fedor von Bock,750 soldiers 4+ anti-tank guns 4 AA guns,7.  Fliegerdivision 4.  Panzerdivision 343 tanks,47 killed,186 killed 9 tanks destroyed 9 armoured cars destroyed 10 aircraft shot down,,,,
https://en.wikipedia.org/wiki/Battle_of_Zeeland,,1,10–18 May 1940,Dutch province of Zeeland,German victory,Battle of Zeeland,Battle of the Netherlands,Netherlands   France   United Kingdom,Nazi Germany,Henri Winkelman   Hendrik Jan van der Stad   Henri Giraud,Paul Hausser   Oskar von dem Hagen,"Netherlands : 10,000 soldiers France : 15,000 soldiers Britain : 2 destroyers","7,500 soldiers","Dutch : 38 killed 115 wounded 9,847 captured French : 229 killed 700 wounded  3,000 captured 5+ armoured cars destroyed 1+ fighter destroyed British : 6 fighters destroyed",97 killed 300 wounded 3 aircraft destroyed,,,,
https://en.wikipedia.org/wiki/Battle_of_the_Grebbeberg,,1,11–13 May 1940,"Rhenen, Netherlands51°57′14″N 5°36′00″E﻿ / ﻿51.954°N 5.600°E﻿ / 51.954; 5.600Coordinates: 51°57′14″N 5°36′00″E﻿ / ﻿51.954°N 5.600°E﻿ / 51.954; 5.600",German victory,Battle of the Grebbeberg,Battle of the Netherlands,Netherlands,Germany,Godfried van Voorst tot Voorst (Field Army)   Jacob Harberts (2nd Corps)   Antonie Marinus Michiel van Loon (4th Division),Karl von Tiedemann,"15,000 [1] 88 field guns 6 anti-tank guns 4 AA guns 5 fighters 4 light bombers","23,000 [1] 58 field guns",417 killed [1],275 killed [1],,,,
https://en.wikipedia.org/wiki/Battle_of_the_Afsluitdijk,,1,12–14 May 1940 (1940-05-12 – 1940-05-14),"Fort Kornwerderzand, Afsluitdijk, NetherlandsCoordinates: 53°4′27″N 5°20′13″E﻿ / ﻿53.07417°N 5.33694°E﻿ / 53.07417; 5.33694",Dutch victory,Battle of the Afsluitdijk,Battle of the Netherlands,Netherlands,Germany,Christiaan Boers,Kurt Feldt,225 men [1] 1 gunboat,500 men 69 aircraft [1],1 killed 2 wounded [2],5 killed 25 wounded 4 aircraft destroyed [2],,,,
https://en.wikipedia.org/wiki/German_bombing_of_Rotterdam,,1,14 May 1940,Rotterdam51°57′51.95″N 4°27′4.45″E﻿ / ﻿51.9644306°N 4.4512361°E﻿ / 51.9644306; 4.4512361Coordinates: 51°57′51.95″N 4°27′4.45″E﻿ / ﻿51.9644306°N 4.4512361°E﻿ / 51.9644306; 4.4512361,"The capitulation of the Netherlands

884 civilian dead
Destruction of the city of Rotterdam",Rotterdam Blitz,Battle of the Netherlands,Netherlands,Germany,P. W. Scharroo,Albert Kesselring,No remaining operational fighter aircraft [1],80 aircraft directly involved 700 involved in concurrent operations,884 civilians killed LVA and MLD virtually destroyed [2],none,,,,
https://en.wikipedia.org/wiki/Battle_of_Fort_Eben-Emael,,1,10–11 May 1940,"Fort Eben-Emael, on the Dutch-Belgian border, near the Dutch city of Maastricht.50°47′50″N 5°40′51″E﻿ / ﻿50.79722°N 5.68083°E﻿ / 50.79722; 5.68083Coordinates: 50°47′50″N 5°40′51″E﻿ / ﻿50.79722°N 5.68083°E﻿ / 50.79722; 5.68083",German victory,Battle of Fort Eben-Emael,Battle of Belgium,Germany,Belgium,Walter Koch,Jean Jottrand  ( POW ),493 [1],"1,200+ (estimated)",44 killed 99 wounded [2] [3] 1 captured [4],"60 killed 1,000+ captured [Notes 1]",,,,
https://en.wikipedia.org/wiki/Battle_of_Hannut,,1,12–14 May 1940,"Hannut, Belgium50°40′00″N 5°05′00″E﻿ / ﻿50.6667°N 5.0833°E﻿ / 50.6667; 5.0833Coordinates: 50°40′00″N 5°05′00″E﻿ / ﻿50.6667°N 5.0833°E﻿ / 50.6667; 5.0833",Indecisive,Battle of Hannut,Battle of Belgium,France   Belgium   Netherlands [Notes 1],Germany,"René Prioux 
   Gabriel Bougrain 
 
   Jean-Léon-Albert Langlois","Erich Hoepner 
   Horst Stumpff 
 
   Johann Joachim Stever","2 armoured divisions 20,800 personnel  600  AFVs   [2] [Notes 2]","2 Panzer divisions 25,927 personnel   618 tanks (some sources say 674) [3] 108 artillery pieces  [2] [Notes 3]  1,252 aircraft",121 tanks destroyed/damaged or abandoned [4] personnel: unknown,60 killed   80 wounded   49 tanks destroyed 111 tanks damaged  [5],,,,
https://en.wikipedia.org/wiki/Battle_of_Gembloux_(1940),,1,14–15 May 1940,"Gembloux, Belgium and vicinity50°36′00″N 4°39′58″E﻿ / ﻿50.600°N 4.666°E﻿ / 50.600; 4.666Coordinates: 50°36′00″N 4°39′58″E﻿ / ﻿50.600°N 4.666°E﻿ / 50.600; 4.666",Indecisive[nb 1],Battle of Gembloux,Battle of Belgium,"France 
 
   French Morocco",Germany,René Prioux,Erich Hoepner   Viktor von Schwedler,3 motorised divisions 3 infantry divisions,2  panzer  divisions 3 infantry divisions,"2,000 killed, wounded & missing III Corps : few hundred casualties [3]",33–37 percent of German tank strength lost 304 killed 413 wounded 29 missing IV Corps :  few hundred casualties. [4],,,,
https://en.wikipedia.org/wiki/Battle_of_the_Ypres%E2%80%93Comines_Canal,,1,26–28 May 1940,"Ypres-Comines Canal, Belgium","Successful British delaying action

Withdrawal of the BEF to Dunkirk",Battle of the Ypres–Comines Canal,Battle of Belgium,United Kingdom   Belgium,Germany,Harold Franklyn,Gerd von Rundstedt,,,,,,,,
https://en.wikipedia.org/wiki/Battle_of_the_Lys_(1940),,1,24–28 May 1940[2],"Region of Kortrijk (Southwest Flanders), Belgium51°3′18″N 3°44′3″E﻿ / ﻿51.05500°N 3.73417°E﻿ / 51.05500; 3.73417Coordinates: 51°3′18″N 3°44′3″E﻿ / ﻿51.05500°N 3.73417°E﻿ / 51.05500; 3.73417","German victory

Vinkt massacre
Belgian surrender on 28 May",Battle of the Lys,Battle of Belgium,Belgium   France [1]   United Kingdom [1],Germany,Leopold III   ( POW )   Oscar Michiels   ( POW )   Georges Blanchard   Alan Brooke,Fedor von Bock   Georg von Küchler,"500,000 [3]",12 divisions [4],"40,000+ casualties",unknown 320–400+ captured,,,,
https://en.wikipedia.org/wiki/German_invasion_of_Luxembourg,May 1940,0,10 May 1940,Luxembourg,German victory,German invasion of Luxembourg,Western Front,Luxembourg   France Supported by :   United Kingdom,Germany,Pierre Dupong   Émile Speller  Robert Petiet   Arthur Barratt,Heinz Guderian,"Luxembourg : 425 soldiers 246 gendarmes France : 18,000 soldiers United Kingdom : No. 226 Sqdn. RAF","50,000 soldiers 600 tanks",Luxembourg : 7 wounded 76 captured France : 5 killed United Kingdom : 1 killed 2 captured 1 aircraft destroyed,unknown,Luxembourg occupied by Nazi Germany,,,
https://en.wikipedia.org/wiki/Battle_of_Sedan_(1940),,1,12–15 May 1940,"Sedan and the surrounding area, France49°42′9″N 4°56′33″E﻿ / ﻿49.70250°N 4.94250°E﻿ / 49.70250; 4.94250Coordinates: 49°42′9″N 4°56′33″E﻿ / ﻿49.70250°N 4.94250°E﻿ / 49.70250; 4.94250",German victory[1][2],Battle of Sedan,Battle of France,France     United Kingdom,Germany,Maurice Gamelin     Charles Huntziger     Henri Giraud  Pierre Lafontaine   Marcel Têtu   André Corap  Col. Poncelet  †   Patrick Playfair,Gerd von Rundstedt     Ewald von Kleist   Heinz Guderian   W. von Richthofen   Bruno Loerzer   Heinrich Krampf   Karl Weisenberger   Friedrich Kirchner   Rudolf Veiel   Ferdinand Schaal,"20,000 men 300 tanks 174 artillery pieces [3] 
152 bombers [4] [5]   
 
250 fighter aircraft [4] [5]","60,000 men [6] 41,000 vehicles [7] 771 tanks [8] 1,470 aircraft [3] 141 artillery pieces [3] 96 rubber boats",manpower losses unknown artillery losses unknown tank losses unknown 167 aircraft [9],120 killed 400 wounded (12–14 May) [10] 647 killed or wounded (15–17 May) [11] at least 81 rubber boats [12],,,,
https://en.wikipedia.org/wiki/Battle_of_Montcornet,,1,17 May 1940,"Montcornet, France49°41′47″N 04°01′05″E﻿ / ﻿49.69639°N 4.01806°E﻿ / 49.69639; 4.01806Coordinates: 49°41′47″N 04°01′05″E﻿ / ﻿49.69639°N 4.01806°E﻿ / 49.69639; 4.01806",French withdrawal,Battle of Montcornet,Battle of France,France,Germany,Charles de Gaulle,Heinz Guderian   Wolfram Freiherr von Richthofen,4e Division cuirassée,1st Panzer Division,"14 killed 9 missing 6 wounded 23 tanks disabled, destroyed or abandoned [1]",130 captured [French claim] [1],,,,
https://en.wikipedia.org/wiki/Battle_of_Arras_(1940),,1,21 May 1940,"Arras, France50°15′N 2°42′E﻿ / ﻿50.250°N 2.700°E﻿ / 50.250; 2.700Coordinates: 50°15′N 2°42′E﻿ / ﻿50.250°N 2.700°E﻿ / 50.250; 2.700",German victory,Battle of Arras,Battle of France,United Kingdom   France,Germany,Harold Franklyn,Erwin Rommel,"74 tanks 15,000 infantry","c.  225  tanks 5,000–10,000 infantry",50 tanks destroyed  c.  100  British killed or wounded   200 British captured,"300 killed or wounded, 400 captured  7th Panzer Division lost 32 tanks",,,,
https://en.wikipedia.org/wiki/Battle_of_Boulogne_(1940),,1,22–25 May 1940,"Boulogne-sur-Mer, France50°43′35″N 1°36′53″E﻿ / ﻿50.72639°N 1.61472°E﻿ / 50.72639; 1.61472Coordinates: 50°43′35″N 1°36′53″E﻿ / ﻿50.72639°N 1.61472°E﻿ / 50.72639; 1.61472",German victory,Battle of Boulogne,Battle of France,France   United Kingdom   Belgium,Germany,Pierre Louis Félix Lanquetot   William Fox-Pitt,Heinz Guderian   Rudolf Veiel,"Headquarters, garrison and training units  2 infantry battalions 1,500  Auxiliary Military Pioneer Corps  troops  supporting units  training units",1 panzer division,,,,,"about 5,000 POW",
https://en.wikipedia.org/wiki/Siege_of_Calais_(1940),,1,22–26 May 1940,"Calais, France50°57′22″N 1°50′29″E﻿ / ﻿50.95611°N 1.84139°E﻿ / 50.95611; 1.84139Coordinates: 50°57′22″N 1°50′29″E﻿ / ﻿50.95611°N 1.84139°E﻿ / 50.95611; 1.84139",German victory,Siege of Calais,Battle of France,United Kingdom   France   Belgium,Germany,Claude Nicholson   ( POW )   Charles de Lambertye   †   Raymond Le Tellier   ( POW ),Ferdinand Schaal,"c.  4,000  men 40 tanks",1 panzer division,,,,,"British: 300 killed 200 wounded (evacuated) 3,500 captured French, Belgian and Dutch: 16,000 POW",
https://en.wikipedia.org/wiki/Battle_of_Abbeville,,1,27 May – 4 June 1940 (8 days),Abbeville50°06′21″N 01°50′09″E﻿ / ﻿50.10583°N 1.83583°E﻿ / 50.10583; 1.83583Coordinates: 50°06′21″N 01°50′09″E﻿ / ﻿50.10583°N 1.83583°E﻿ / 50.10583; 1.83583,German victory,Battle of Abbeville,Battle of France,France   United Kingdom,Germany,Maxime Weygand   Charles de Gaulle   Victor Fortune,Oskar Blümm   Heinz Guderian,,,"c.  275  tanks destroyed or captured  c.  1,000  killed or captured",c.  200  killed or captured,,,,
https://en.wikipedia.org/wiki/Siege_of_Lille_(1940),,1,28–31 May 1940,"Lille, France50°38′0″N 3°4′0″E﻿ / ﻿50.63333°N 3.06667°E﻿ / 50.63333; 3.06667Coordinates: 50°38′0″N 3°4′0″E﻿ / ﻿50.63333°N 3.06667°E﻿ / 50.63333; 3.06667",See Aftermath section,Siege of Lille,Battle of France,"France 
 
   Morocco 
   Algeria 
   United Kingdom",Germany,Jean-Baptiste Molinié    ( POW )   Gustave Mesny   ( POW ),Fritz Kühne   ( POW )   Erwin Rommel   Joachim Lemelsen   Max von Hartlieb-Walsporn   Ludwig Ritter von Radlmeier,6 French divisions,"4 infantry divisions 3 panzer divisions ( c.  160,000 ) [1]","Surrendered
 
 c.  34,957  men 
 300 guns 
 100 armoured vehicles",,,,,
https://en.wikipedia.org/wiki/Operation_Paula,,1,3 June 1940,"France, Paris",Operational failure[1],German bombing of Paris,Battle of France,France,Germany,Joseph Vuillemin,Hugo Sperrle   Albert Kesselring,120 fighters [2],"1,100 aircraft (460 fighters)",35 aircraft (31 fighters) 906 casualties 254 dead (166 were servicemen) [2],10 aircraft (four bombers) [2],,,,
https://en.wikipedia.org/wiki/Dunkirk_evacuation,,2,26 May to 4 June 1940,"France, Dunkirk, and the English Channel51°02′N 2°22′E﻿ / ﻿51.033°N 2.367°E﻿ / 51.033; 2.367","Allied success

Evacuation of 338,226 soldiers",Dunkirk evacuation,Battle of Dunkirk,"United Kingdom 
   British India [1] 
   France 
   French Senegal [2] 
   Morocco 
   Belgium [3] 
   Canada [4] 
   Netherlands [5] 
   Poland [3]",Germany,"Lord Gort 
   Bertram Ramsay 
   Harold Alexander 
   William Tennant 
   Jean-Marie Charles Abrial [6]","Gerd von Rundstedt 
   Hermann Göring",,,,,,,,
https://en.wikipedia.org/wiki/Battle_of_Saumur_(1940),,1,18–20 June 1940,"Saumur, Gennes, and Montsoreau47°15′36″N 00°04′37″E﻿ / ﻿47.26000°N 0.07694°E﻿ / 47.26000; 0.07694Coordinates: 47°15′36″N 00°04′37″E﻿ / ﻿47.26000°N 0.07694°E﻿ / 47.26000; 0.07694",German victory,Battle of Saumur,Battle of France,France,Germany,Charles Michon  [ fr ],Kurt Feldt,"560   Students of the Cavalry School   1,600 other elements","c.  10,000     First Cavalry Division",250 killed or wounded,"132 killed, and about 300 wounded",,,,
https://en.wikipedia.org/wiki/Battle_of_Lagarde,,1,17-18 June 1940,"Near Lagarde, Moselle, France",German victory,Battle of Lagarde,Battle of France,Germany,Poland,,Bronislaw Duch,,,,,,,,
https://en.wikipedia.org/wiki/Italian_invasion_of_France,June 1940,0,10–25 June 1940,Franco-Italian border,See Aftermath section,Italian invasion of France,Western Front,France Air support:   United Kingdom,Italy,René Olry,Umberto di Savoia,"~180,000 total (85,000 at the front)","300,000 total",~40 killed ~50–120 wounded ~150 prisoners ~100–150 missing 1 destroyer damaged 1 sloop damaged,"~640 killed 2,631 wounded 2,151 frostbite victims 616 missing 1 submarine destroyed",Italian occupied zone,,,
https://en.wikipedia.org/wiki/Kanalkampf,,1,4 July – 11 August 1940,Southern England and the English Channel50°N 02°W﻿ / ﻿50°N 2°W﻿ / 50; -2Coordinates: 50°N 02°W﻿ / ﻿50°N 2°W﻿ / 50; -2,German victory[1],Kanalkampf,Battle of Britain,"United Kingdom 
 
 Foreign volunteers 
 Naval support :   Netherlands   Norway   Canada   Poland   Belgium",Nazi Germany,Hugh Dowding   Keith Park   T. Leigh-Mallory,Hermann Göring   Albert Kesselring   Hugo Sperrle   W. F. von Richthofen   Alfred Saalwächter,,,RAF : 115  fighters  destroyed 42 fighters damaged 71 pilots  killed in action 19 pilots wounded in action 4 pilots  missing in action Royal Navy : 35 merchant ships sunk (including neutral ships) 7 fishing vessels several naval vessels 4 destroyers at least 176 sailors killed ~300 casualties,Luftwaffe : 80  fighters  destroyed 36 fighter aircraft damaged 22  Dive bombers  destroyed 22 dive bombers damaged 100  medium bombers  destroyed 33 medium bombers damaged 13 naval aircraft destroyed 1 naval aircraft damaged 201 airmen killed 75 airmen wounded 277 missing 16 airmen  captured Kriegsmarine : ~4,,,,
https://en.wikipedia.org/wiki/Adlertag,,1,13 August 1940[1],England and English Channel,British victory[2],Adlertag,Battle of Britain,United Kingdom,Nazi Germany,Hugh Dowding Keith Park Charles Portal,Hermann Göring Albert Kesselring Hugo Sperrle Joseph Schmid,,,Fighter Command :  13 fighters (air) [3] 1 fighter (ground) [2] 3  fighter pilots  killed [2] RAF Bomber Command : 11 bombers (air) [2] 24 aircrew killed [2] 9 captured [4] Other: 47 miscellaneous aircraft (ground) [2] c. several hundred civilians [5],47 [3] [6] –48 [7]  aircraft destroyed (air) 39 severely damaged [7] circa  200 killed or captured including: 44 killed  23 wounded  at least 45 missing [8],,,,
https://en.wikipedia.org/wiki/The_Hardest_Day,,1,18 August 1940,Southern England and English Channel,"Inconclusive

Casualty rates in the British favour
Unsustainable attrition for both sides[Notes 1]",The Hardest Day,Battle of Britain,United Kingdom,Germany,Hugh Dowding   Keith Park   T. Leigh-Mallory,Hermann Göring   Albert Kesselring   Hugo Sperrle,,,27 [2] –34 fighters destroyed [3] 39 fighters damaged [3] 29 aircraft destroyed (ground) [3] including only eight fighters [4] 23 aircraft damaged (ground) [3] 10 killed [5] 8 lightly wounded [5] 11 severely wounded [5],69 [3] –71 [2]  aircraft destroyed 31 aircraft damaged [3] 94 killed [6] 40 captured [6] 25 wounded [6],,,,
https://en.wikipedia.org/wiki/Battle_of_Britain_Day,,1,15 September 1940,"London, England and English Channel",British victory[1][2],Battle of Britain Day,Battle of Britain,United Kingdom,Germany,Hugh Dowding   Keith Park,Hermann Göring   Albert Kesselring,"50,000 observers [3] 630  fighter aircraft [4]","1,120 aircraft (620 fighters and 500 bombers) [4]",29 aircraft destroyed [5] ~ 21 damaged [6]  14 [7] –16 killed [5] 14 wounded [7] 1 captured [7],57 [8] –61 [5]  aircraft destroyed  20 severely damaged [9] 63– [10]  81 killed [7] 63 [7] –65 captured [10] 30 [10] –31 wounded [7] 21 missing [10],,,,
https://en.wikipedia.org/wiki/Battle_of_Graveney_Marsh,,1,27 September 1940,"Graveney Marsh, Kent, England51°20′38.18″N 00°57′31.99″E﻿ / ﻿51.3439389°N 0.9588861°E﻿ / 51.3439389; 0.9588861Coordinates: 51°20′38.18″N 00°57′31.99″E﻿ / ﻿51.3439389°N 0.9588861°E﻿ / 51.3439389; 0.9588861",,Battle of Graveney Marsh,Battle of Britain,United Kingdom,Germany,Captain  John Cantopher,Unteroffizier  Fritz Ruhlandt,1 Company,4 crew aircraft machine guns,none,1 wounded   of 4 taken prisoner,,,,one Junkers Ju 88 captured intact
https://en.wikipedia.org/wiki/The_Blitz,September 1940 – May 1941,0,"7 September 1940 – 11 May 1941 (1940-09-07 – 1941-05-11)(8 months, 5 days)",United Kingdom51°30′N 0°07′W﻿ / ﻿51.50°N 0.12°W﻿ / 51.50; -0.12Coordinates: 51°30′N 0°07′W﻿ / ﻿51.50°N 0.12°W﻿ / 51.50; -0.12,German strategic failure,The Blitz,Western Front,United Kingdom,Germany,"Winston Churchill 
   Hugh Dowding 
   Frederick Pile 
   Owen Tudor Boyd 
   Sir Leslie Gossage","Adolf Hitler 
   Hermann Göring 
   Hugo Sperrle 
   Albert Kesselring 
   Hans Jeschonnek",,,"~40,000 [1] –43,000 civilians killed [2] ~46,000 – 139,000 injured [2] Two million houses (60 per cent of these in London)","Unknown 3,363 aircrew 2,265 aircraft (Summer 1940 – May 1941) [3]",,,,
https://en.wikipedia.org/wiki/Operation_Cerberus,February 1942,0,11–13 February 1942,English ChannelCoordinates: 50°58′45″N 1°44′09″E﻿ / ﻿50.97917°N 1.73583°E﻿ / 50.97917; 1.73583,German victory,Operation Cerberus,Western Front,Nazi Germany,United Kingdom,Otto Ciliax,Bertram Ramsay,2 battleships 1 heavy cruiser 6 destroyers 14 torpedo boats 26  E-boats 32 bombers 252 fighters,6 destroyers 3 destroyer escorts 32 motor torpedo boats c.  450  aircraft,2 battleships damaged 1 destroyer damaged 1 destroyer lightly damaged 2 torpedo boats lightly damaged 22 aircraft destroyed (7 fighters)  13 sailors killed 2 wounded 23 aircrew killed (4 from JG 26),1 destroyer severely damaged several gun boats damaged 42 aircraft destroyed 230–250 killed and wounded,,,,
https://en.wikipedia.org/wiki/Operation_Donnerkeil,February 1942,0,11–12 February 1942,"English Channel, North Sea and northern Germany50°N 02°W﻿ / ﻿50°N 2°W﻿ / 50; -2Coordinates: 50°N 02°W﻿ / ﻿50°N 2°W﻿ / 50; -2",German victory,Operation Donnerkeil,Western Front,United Kingdom,Nazi Germany,Sholto Douglas   Philip de la Ferté   Trafford Leigh-Mallory,Adolf Galland   Robert von Greim   Max Ibel,~450 aircraft,252  Bf 109  and  Fw 190  fighters [1] [2] 30  Bf 110   Heavy fighters [2] 32  Dornier Do 217s,41 aircraft [3],17 fighters 5 bombers 23 airmen killed [3],,,,
https://en.wikipedia.org/wiki/St._Nazaire_Raid,March 1942,0,28 March 1942,"St Nazaire, France
47°16′30″N 2°11′48″W﻿ / ﻿47.27500°N 2.19667°W﻿ / 47.27500; -2.19667Coordinates: 47°16′30″N 2°11′48″W﻿ / ﻿47.27500°N 2.19667°W﻿ / 47.27500; -2.19667","British victory

Normandie dry dock rendered inoperable for the rest of the war",St. Nazaire Raid,Western Front,United Kingdom,Germany,Robert Ryder   Stephen Beattie   ( POW )   Augustus Charles Newman   ( POW ),Karl-Konrad Mecke  Edo Dieckmann   Herbert Sohler   Georg-Wilhelm Schulz,346 Royal Navy 265 Commandos [nb 1],"5,000 troops",HMS  Campbeltown   169 dead * 215  prisoners of war  * 1  Motor Gun Boat 1  Motor Torpedo Boat 13  Motor Launches 1  Armstrong Whitworth Whitley 1  Bristol Beaufighter,Normandie dock 360 dead ^ 2  Junkers 88 2  Tankers 2  Tugs,,,,
https://en.wikipedia.org/wiki/Dieppe_Raid,August 1942,0,19 August 1942,"Dieppe, France",German victory,Dieppe Raid,Western Front,Canada   United Kingdom   United States   Free France   Poland [a]   Czechoslovakia [b],Germany,Louis Mountbatten   J. H. Roberts   Trafford Leigh-Mallory,Gerd von Rundstedt   Konrad Haase,"2nd Infantry Division   Commandos 
 
 3 Commando 
 4 Commando 
 10 Commando 
 30 Commando 
 40 Commando 
   Royal Navy 
237 ships and landing barges including eight destroyers
   Royal Air Force 
74 squadrons
 
 
 
≈10,500 men, including 50  U.S. Army Rangers  attached to  4 Commando  and  15 French Commandos  to  10 Commando","302nd Static Division ≈1,500 men Does not include  Luftwaffe  and  Kriegsmarine","Ground forces Canada : 907 killed,  586 wounded,  1,946 captured [3] United Kingdom : 275 commandos     United States : 3 killed,  5 wounded,  3 captured  [4]     Royal Navy 1 destroyer 33 landing craft 550 dead and wounded Royal Air Force 64  Supermarine Spitfire  fighters  20  Hawker Hurricane  fighters  6  Douglas Boston  bombers 10  North American Mustang Mk 1  fighters  62 killed, 30 wounded, 17 captured","Ground forces Germany : 311 killed, 280 wounded    Luftwaffe  23  Fw 190 25  Dornier Do 217   Kriegsmarine  1 submarine chaser UJ-1404 sunk",,,,
https://en.wikipedia.org/wiki/Battle_of_Berlin_(air),November 1943 – March 1944,0,18 November 1943 – 31 March 1944,"Berlin, Nazi Germany",Axis victory,Battle of Berlin (air),Western Front,United Kingdom   Canada   Australia   New Zealand   Poland,Germany,Arthur Harris   Ralph Cochrane   Don Bennett   Roderick Carr,Hermann Göring   Hans-Jürgen Stumpff   Joseph Schmid   Günther Lützow   Max Ibel   Walter Grabmann   Gotthard Handrick,,,"Bomber Command 
 2,690 crew killed 
 c.  1,000  POW 
 500 aircraft [1]  (5.8 per cent loss rate)","c.  4,000  killed 
 10,000 injured 
 450,000 homeless",,,,
https://en.wikipedia.org/wiki/Invasion_of_Normandy,,2,6 June 1944 – mid-July 1944,"Normandy, FranceCoordinates: 49°20′N 0°34′W﻿ / ﻿49.333°N 0.567°W﻿ / 49.333; -0.567",Allied victory,Invasion of Normandy,Operation Overlord,Allies   United Kingdom   United States   Canada Allied contributions,Axis   Nazi Germany,"Dwight D. Eisenhower ( Supreme Allied Commander )   Arthur Tedder (Deputy Supreme Allied Commander)   Bernard Montgomery ( 21st Army Group , Ground Forces Commander in Chief)   Trafford Leigh-Mallory (Air Commander in Chief)   Bertram Ramsay (Naval Commander in Chief)   Miles Dempsey ( British 2nd Army )   Omar Bradley ( U.S. 1st Army )",Gerd von Rundstedt  ( Oberbefehlshaber West )   Erwin Rommel  ( Heeresgruppe  B )   Friedrich Dollmann  ( 7 Armeeoberkommando )   Leo Geyr von Schweppenburg  ( Panzergruppe West ),"1,332,000 (by 24 July) [1]","380,000 (by 23 July) [2]","by 24 July: ≈120,000 casualties [1]","by 24 July: 113,059 casualties [1]",German army retreats eastwards to Paris.,,,
https://en.wikipedia.org/wiki/Battle_of_Villers-Bocage,,4,13 June 1944,"Villers-Bocage, France",See Aftermath section,Battle of Villers-Bocage,Operation Perch,United Kingdom,Nazi Germany,George Erskine William Hinde,Fritz Bayerlein Heinz von Westernhagen,One  Brigade group c.  60 tanks,2 ad-hoc battle groups Elements of 1  heavy tank battalion 31–41 tanks,~217 casualties 23–27 tanks,8–15 tanks,,,,
https://en.wikipedia.org/wiki/Operation_Epsom,,3,26–30 June 1944,"West of Caen, Normandy, France49°17′00″N 00°18′00″W﻿ / ﻿49.28333°N 0.30000°W﻿ / 49.28333; -0.30000Coordinates: 49°17′00″N 00°18′00″W﻿ / ﻿49.28333°N 0.30000°W﻿ / 49.28333; -0.30000",See Aftermath section,Operation Epsom,Battle for Caen,United Kingdom,Germany,Bernard Montgomery   Miles Dempsey   Richard O'Connor,Friedrich Dollmann   Leo Geyr von Schweppenburg   Sepp Dietrich   Paul Hausser   Wilhelm Bittrich,2 infantry divisions 1 armoured division 1 armoured brigade 1 tank brigade,3 SS panzer divisions 5 ad-hoc battle groups 1 SS heavy tank battalion,"4,020–4,900 casualties  150 tanks damaged or knocked out","Over 3,000 casualties  125–126 tanks damaged or knocked out",,,,
https://en.wikipedia.org/wiki/Operation_Windsor,,3,4–5 July 1944,"Carpiquet, Normandy, France",Allied victory,Operation Windsor,Battle for Caen,Canada       United Kingdom,Nazi Germany,Rod Keller,Kurt Meyer,4 Infantry Battalions 1 Machine Gun Battalion 2 Armoured Regiments,1 battalion each from SS Panzergrenadier Regiments 26 and 1  1  Flak  Battery 15 tanks initially,377 casualties 17 tanks,c.  270 infantry   and  c.  20 tanks,Carpiquet captured by Canadians,,,
https://en.wikipedia.org/wiki/Operation_Charnwood,,3,8–9 July 1944,"Northern Caen, Normandy, FranceCoordinates: 49°10′59″N 0°22′10″W﻿ / ﻿49.18306°N 0.36944°W﻿ / 49.18306; -0.36944﻿ (Operation Charnwood)",Allied victory,Operation Charnwood,Battle for Caen,United Kingdom   Canada,Germany,Miles Dempsey [1]   John Crocker [2],Heinrich Eberbach [3]   Sepp Dietrich [4],3 infantry divisions [2] 3 armoured brigades [2],Elements of 1 infantry division [5] 1 armoured division [5] 61 tanks [nb 1],"3,817 casualties [6] ~80 tanks [6] [7] [8] [nb 2]","Over 2,000 casualties [6] 18–32 tanks [nb 3] [nb 4]",,,,
https://en.wikipedia.org/wiki/Operation_Jupiter_(1944),,3,10–11 July 1944,"West of Caen, Normandy, France49°7′25″N 0°27′36″W﻿ / ﻿49.12361°N 0.46000°W﻿ / 49.12361; -0.46000",British victory,Operation Jupiter,Battle for Caen,United Kingdom,Germany,Richard O'Connor,Wilhelm Bittrich,,,"c.  2,000 casualties 58 tanks [1]","4,180 (over two weeks) [2]",,,,
https://en.wikipedia.org/wiki/Second_Battle_of_the_Odon,,3,15–17 July 1944,"Normandy, France49°04′47″N 00°28′16″W﻿ / ﻿49.07972°N 0.47111°W﻿ / 49.07972; -0.47111Coordinates: 49°04′47″N 00°28′16″W﻿ / ﻿49.07972°N 0.47111°W﻿ / 49.07972; -0.47111",Indecisive,Second Battle of the Odon,Battle for Caen,United Kingdom,Germany,General  Miles Dempsey,General  Heinrich Eberbach,6 infantry divisions 5 tank/armoured brigades,4 infantry divisions 3 Panzer divisions 1 heavy tank battalion,"3,000–3,500","c.  2,000",,,,
https://en.wikipedia.org/wiki/Operation_Goodwood,,3,18–20 July 1944,"Normandy, France49°10′54″N 00°16′03″W﻿ / ﻿49.18167°N 0.26750°W﻿ / 49.18167; -0.26750",See Aftermath section,Operation Goodwood,Battle for Caen,United Kingdom,Germany,Bernard Montgomery Miles Dempsey John Crocker Richard O'Connor,Günther von Kluge Heinrich Eberbach Sepp Dietrich Hans von Obstfelder,"3 armoured divisions ( c.  1,100 tanks ) 2 infantry divisions",3 armoured divisions 2 heavy tank battalions (377 tanks) 4 infantry divisions,"4,000–5,000 [1] [2] 300–500 tanks [3]","2,000 prisoners [4] 75–100 tanks [5] [6]",,,,
https://en.wikipedia.org/wiki/Operation_Atlantic,,3,"July 18–20, 1944","Caen, France49°11′00″N 0°22′00″W﻿ / ﻿49.18333°N 0.36667°W﻿ / 49.18333; -0.36667Coordinates: 49°11′00″N 0°22′00″W﻿ / ﻿49.18333°N 0.36667°W﻿ / 49.18333; -0.36667",German victory,Operation Atlantic,Battle for Caen,Canada,Germany,Guy Simonds,Günther von Kluge,2 Infantry divisions 1 Armoured Brigade,2 Panzer divisions,"1,349–1,965",Unknown,,,,
https://en.wikipedia.org/wiki/Battle_of_Verri%C3%A8res_Ridge,,3,19–25 July 1944,"Verrières Ridge, 8 km (5.0 mi) south of Caen, Normandy, France",German defensive success,Battle of Verrières Ridge,Battle for Caen,Canada,Germany,Guy Simonds   Charles Foulkes,Günther von Kluge   Sepp Dietrich   Kurt Meyer   Wilhelm Bittrich,"2 Infantry Divisions, 1 Armoured Brigade",2 Panzer Divisions remnants of 1 Panzer Division 1 Infantry Division,"800 killed [a] 2,000 wounded or captured",Unknown [a],,,,
https://en.wikipedia.org/wiki/Operation_Spring,,3,"July 25–27, 1944","Verrières Ridge (8 km (5 miles) south of Caen), France",German victory,Operation Spring,Battle for Caen,Canada   United Kingdom,Germany,Guy Simonds,Josef Dietrich,2 Infantry Division  2 Armoured Divisions 1 Armoured Brigade,3 Panzer Divisions,"450 killed 1,100 wounded",unknown,,,,
https://en.wikipedia.org/wiki/Battle_of_Bloody_Gulch,,4,"June 13, 1944","Manoir de Donville, Méautis, Normandy, France49°17′40″N 1°16′50″W﻿ / ﻿49.29444°N 1.28056°W﻿ / 49.29444; -1.28056Coordinates: 49°17′40″N 1°16′50″W﻿ / ﻿49.29444°N 1.28056°W﻿ / 49.29444; -1.28056",U.S. victory,Battle of Bloody Gulch,Battle of Carentan,United States,Germany,Maj. Gen.  Maxwell D. Taylor  (101st Airborne)   Col.  Howard R. Johnson  (501st PIR)   Col.  John H. Michaelis  (502nd PIR)   Col.  Robert F. Sink  ( 506th PIR ),Col.  Friedrich von der Heydte,3 parachute infantry regiments  60 tanks (2nd Armored Div.) [1],1 parachute infantry battalion  1 Waffen SS armored division,32 dead  73 wounded  4 tanks destroyed,43 dead  89 wounded  2 tanks destroyed,,,,
https://en.wikipedia.org/wiki/Battle_of_Saint-L%C3%B4,,2,"July 7–19, 1944","Saint-Lô, France",Allied victory,Battle of Saint-Lô,Operation Overlord,United States,Germany,Charles H. Corlett     Charles H. Gerhardt     Leland Hobbs     Paul W. Baade,Dietrich Kraiß       Eugen Meindl       Otto Baum,,,"For the period July 7–22  29th Infantry Division: 3,706   30th Infantry Division: 3,934   35th Infantry Division: 2,437   Total XIX Corps: 11,000+",Unknown,,,,
https://en.wikipedia.org/wiki/Operation_Cobra,,2,25–31 July 1944,"Saint-Lô, Normandy, France49°06′55″N 1°05′25″W﻿ / ﻿49.115277°N 1.090277°W﻿ / 49.115277; -1.090277﻿ (Saint Lo)Coordinates: 49°06′55″N 1°05′25″W﻿ / ﻿49.115277°N 1.090277°W﻿ / 49.115277; -1.090277﻿ (Saint Lo)",Allied victory[1][2],Operation Cobra,Operation Overlord,United States   United Kingdom,Germany,Bernard Montgomery   Omar Bradley   Lesley J. McNair   †,Günther von Kluge     Paul Hausser,"8 infantry divisions [3] 3 armored divisions [3]   2,451 tanks and tank destroyers [4] [5] [6]",2 infantry divisions [3] 1 parachute division [3] 4 understrength  Panzer  divisions [3] 1  Panzergrenadier  division [3] 190 tanks and assault guns [5] [6],"1,800 casualties [nb 1]    at least 109 medium tanks destroyed or damaged   unknown number of light tanks and tank destroyers [9]","2,500 killed  [10] 10,000 captured  344 tanks & self-propelled guns destroyed/abandoned [11]  2,447  soft-skinned vehicles  destroyed/abandoned 252 artillery pieces destroyed/abandoned [11]",,,,
https://en.wikipedia.org/wiki/Operation_L%C3%BCttich,,2,7–13 August 1944,"Mortain, Normandy, France",Allied victory,Operation Lüttich,Operation Overlord,United States   United Kingdom,Germany,Omar Bradley,Günther von Kluge,5 Infantry Divisions 3 Armored  combat commands USAAF Ninth Air Force RAF Second Tactical Air Force,3 Panzer Divisions 2 Infantry Divisions 5 Panzer or Infantry  battlegroups 150 tanks and assault guns,"~10,000 casualties 2,000–3,000 killed",unknown number of infantry   120 tanks and assault guns destroyed or damaged,,,,
https://en.wikipedia.org/wiki/Battle_for_Brest,,2,7 August – 19 September 1944,"Brittany, France",Allied victory,Battle for Brest,Operation Overlord,United States   United Kingdom,Germany,Troy H. Middleton   Walter M. Robertson   Donald A. Stroh   Charles H. Gerhardt,Hermann-Bernhard Ramcke     Hans Kroh     Erwin Rauch,"VIII Corps 
 
 2nd Infantry Division 
 8th Infantry Division 
 29th Infantry Division 
 2nd Ranger Battalion 
 5th Ranger Battalion 
 79th Armoured Division  (elements) 
 6th Armored Division  (elements)",2nd Fallschirmjäger-Division 266. Infanterie-Division 343. Infanterie-Division,"9,831 killed or wounded [1]","38,000 captured [1]",,,,
https://en.wikipedia.org/wiki/Operation_Totalize,,2,8–9 August 1944,"Normandy, France",Allied victory,Operation Totalize,Operation Overlord,Canada   United Kingdom   Poland,Germany,Guy Simonds,Kurt Meyer,"85,000 men 2,000 aircraft 720 artillery pieces 3 infantry  divisions 2 armoured divisions 2 armoured  brigades [1]","3 infantry divisions, 1 SS Panzer division 1 heavy tank  battalion At least 74 tanks [2]","At least 1,256 [a] 146+ tanks [b]","3,000 casualties [c] At least 45 tanks [5]",,,,
https://en.wikipedia.org/wiki/Hill_262,,4,19–21 August 1944,"Mont Ormel, northeast of Chambois48°50′31″N 0°9′29″E﻿ / ﻿48.84194°N 0.15806°E﻿ / 48.84194; 0.15806Coordinates: 48°50′31″N 0°9′29″E﻿ / ﻿48.84194°N 0.15806°E﻿ / 48.84194; 0.15806",Polish victory[1][2],Battle of Hill 262,Operation Tractable,Poland,Germany,Stanisław Maczek,Walter Model,"1,500 infantry [3] ~80 tanks [3]",remnants of around 20 infantry and Panzer divisions [nb 1],351 casualties [6] [7] 11 tanks [6] [7],"~1,500 casualties [nb 2]",,,,
https://en.wikipedia.org/wiki/Battle_of_Chambois,,3,18–20 August 1944,"Chambois, France48°48′21″N 00°06′22″E﻿ / ﻿48.80583°N 0.10611°E﻿ / 48.80583; 0.10611Coordinates: 48°48′21″N 00°06′22″E﻿ / ﻿48.80583°N 0.10611°E﻿ / 48.80583; 0.10611","Allied victory

Closure of the Falaise Pocket",Battle of Chambois,Falaise Pocket,United States   Canada   Poland,Nazi Germany,George S. Patton   Stanisław Maczek,Walter Model   Paul Hausser  ( WIA ),,,,,,,,
https://en.wikipedia.org/wiki/Liberation_of_Paris,,2,19–25 August 1944,"Paris and outskirts, France48°52′25″N 2°17′47″E﻿ / ﻿48.8735°N 2.29642°E﻿ / 48.8735; 2.29642","Allied victory

Capture and liberation of Paris
Paris made capital of the re-established Provisional Government of the French Republic",Liberation of Paris,Operation Overlord,France  •    French Resistance   United States   United Kingdom,Germany   Vichy France,Charles de Gaulle   Philippe Leclerc   Raymond O. Barton,Dietrich von Choltitz,,,"French Resistance: 1,600 dead [1] Free French Forces: 130 dead 319 wounded [2] United States:  Unknown [3]","3,200 dead 
 12,800 prisoners [1]",,,,
https://en.wikipedia.org/wiki/Operation_Valkyrie,July 1944,1,,,,Operation Valkyrie,Western Allied invasion of France,,,,,,,,,,,,
https://en.wikipedia.org/wiki/Operation_Romeo,,2,,,,Operation Romeo,Operation Dragoon,,,,,,,,,,,,
https://en.wikipedia.org/wiki/Battle_of_Port_Cros,,2,"August 15, 1944","Port-Cros, France, Mediterranean Sea43°00′18″N 6°23′55″E﻿ / ﻿43.005°N 6.398611°E﻿ / 43.005; 6.398611",Allied victory,Battle of Port Cros,Operation Dragoon,United States   Canada,Germany,William C. Hughes,unknown,"Land: 1,800  infantry Sea: 1  destroyer",Land: 5  forts Sea: 1  corvette 1  aviso,9 killed,1 corvette sunk 1 aviso sunk 5 forts captured,,,,
https://en.wikipedia.org/wiki/Battle_of_La_Ciotat,,2,17 August 1944,"off La Ciotat, France, Mediterranean Sea",Allied victory,Battle of La Ciotat,Operation Dragoon,United States   United Kingdom,Germany,John D. Bulkeley,Hermann Polenz [1],1  destroyer 2  gunboats 17  PT boats,1  corvette 1 naval  yacht,United States:  1 man wounded 1 destroyer damaged United Kingdom:  Unknown,169 captured 1 corvette sunk 1 naval yacht sunk,,,,
https://en.wikipedia.org/wiki/Allied_advance_from_Paris_to_the_Rhine,August – March 1945,1,25 August 1944–7 March 1945,"Along and around the Siegfried Line, (France, Belgium, Luxembourg, Netherlands and Germany)",Allied victory,Allied advance from Paris to the Rhine,Western Allied invasion of France,Allies   United States   United Kingdom   France   Canada   Poland,Germany,Dwight D. Eisenhower ( SHAEF )   Bernard Montgomery ( 21st Army Group )   Omar Bradley ( 12th Army Group )   Jacob L. Devers ( 6th Army Group ),Gerd von Rundstedt ( Oberbefehlshaber West )   Walter Model ( Army Group B ),"4,500,000 (91 divisions) [1]","1,500,000 [ citation needed ]","American : 240,082 casualties (50,410 killed 172,450 wounded 24,374 captured or missing) (15 September 1944–21 March 1945) British : 32,366 French : 15,390-17,390 [2] Canadian : 15,000 Total : 272,448+ casualties [3]","40,000 killed 80,000 wounded 280,000+ captured Total : 400,000+ casualties [4]",,,,
https://en.wikipedia.org/wiki/Operation_Astonia,,2,10–12 September 1944,"Le Havre, Normandy, France49°29′N 00°06′E﻿ / ﻿49.483°N 0.100°E﻿ / 49.483; 0.100Coordinates: 49°29′N 00°06′E﻿ / ﻿49.483°N 0.100°E﻿ / 49.483; 0.100",Allied victory,Operation Astonia,Clearing the Channel Coast,United Kingdom   Canada,Germany,Evelyn Barker   Tom Rennie   Harry Crerar,Hermann-Eberhard Wildermuth,"I Corps 
 
   49th Infantry Division 
   51st Infantry Division 
   79th Armoured Division 
   1st Armoured Carrier Regiment","Fortress cadre unit:
 
 226th Infantry Division 
 245th Infantry Division 
 battalion, Security Regiment 5 
 marines and naval personnel",388–500 40 armoured vehicles,"600 killed 11,300 captured",,,,
https://en.wikipedia.org/wiki/Siege_of_Dunkirk_(1944),,2,15 September 1944 – 8 May 1945,"Dunkirk, FranceCoordinates: 51°02′18″N 2°22′39″E﻿ / ﻿51.0383°N 2.3775°E﻿ / 51.0383; 2.3775",Indecisive,Siege of Dunkirk (1944),Clearing the Channel Coast,Canada   United Kingdom   Czechoslovakia   France   Belgian Resistance,Germany,Harry Crerar   Alois Liška,Wolfgang von Kluge   Friedrich Frisius,,,,,,,,
https://en.wikipedia.org/wiki/Operation_Wellhit,,2,"September 17–22, 1944","Boulogne-sur-Mer, France50°43′35″N 1°36′53″E﻿ / ﻿50.72639°N 1.61472°E﻿ / 50.72639; 1.61472Coordinates: 50°43′35″N 1°36′53″E﻿ / ﻿50.72639°N 1.61472°E﻿ / 50.72639; 1.61472",Allied victory,Operation Wellhit,Clearing the Channel Coast,Canada   United Kingdom,Germany,Daniel Spry,Ferdinand Heim,"2 infantry brigades supporting armour, artillery and aircraft","10,000",600 killed or wounded [1],"c.  500  killed or wounded 9,500 captured",,,,
https://en.wikipedia.org/wiki/Operation_Undergo,,2,22 September – 1 October 1944,"Calais, France50°57′22.12″N 1°50′28.90″E﻿ / ﻿50.9561444°N 1.8413611°E﻿ / 50.9561444; 1.8413611",Allied victory,Operation Undergo,Clearing the Channel Coast,Canada   United Kingdom,Germany,Daniel Spry,Ludwig Schroeder,unknown,"7,500 Calais",260 killed or wounded,"9,128 captured incl. 1,600 from Cap Gris Nez",,,,
https://en.wikipedia.org/wiki/Battle_of_the_Scheldt,,2,"October 2 – November 8, 1944",Dutch Zeeland and northern Belgium51°25′N 4°10′E﻿ / ﻿51.417°N 4.167°E﻿ / 51.417; 4.167,Allied victory,Battle of the Scheldt,Clearing the Channel Coast,Canada   United Kingdom   Poland   United States   Belgium   Netherlands   France   Norway,Germany,Bernard Montgomery   Guy Simonds   Harry Crerar   Bertram Ramsay,Gustav-Adolf von Zangen,"135,000","90,000","Canadian: 6,367 Total: 12,873","Roughly 10-12,000 41,043 captured",Antwerp opened to Allied shipping,,,
https://en.wikipedia.org/wiki/Battle_of_Nancy_(1944),,2,5–15 September 1944,48°41′36″N 06°11′04″E﻿ / ﻿48.69333°N 6.18444°E﻿ / 48.69333; 6.18444﻿ (Nancy)Coordinates: 48°41′36″N 06°11′04″E﻿ / ﻿48.69333°N 6.18444°E﻿ / 48.69333; 6.18444﻿ (Nancy)Lorraine,American victory,Battle of Nancy,Lorraine Campaign,United States,Germany,Manton S. Eddy,Heinrich Freiherr von Lüttwitz,3 divisions,2 divisions and 2 regiments,"at least 2,851 (80th Division only)","at least 4,081 (3rd PG and 553rd VG Divisions)",,,,
https://en.wikipedia.org/wiki/Battle_of_Metz,,2,27 September – 13 December 1944,"Metz, France49°07′13″N 6°10′40″E﻿ / ﻿49.12028°N 6.17778°E﻿ / 49.12028; 6.17778Coordinates: 49°07′13″N 6°10′40″E﻿ / ﻿49.12028°N 6.17778°E﻿ / 49.12028; 6.17778",American tactical victoryGerman strategic victory,Battle of Metz,Lorraine Campaign,United States,Germany,George S. Patton,Otto von Knobelsdorff,,,,,The US occupy the German city of Metz,,,
https://en.wikipedia.org/wiki/Battle_of_Arnhem,,1,"17–26 September 1944
(1 week and 2 days)","Gelderland, Netherlands51°58′49″N 5°54′01″E﻿ / ﻿51.98028°N 5.90028°E﻿ / 51.98028; 5.90028Coordinates: 51°58′49″N 5°54′01″E﻿ / ﻿51.98028°N 5.90028°E﻿ / 51.98028; 5.90028",German victory,Battle of Arnhem,Operation Market Garden,United Kingdom  Poland,Germany,Roy Urquhart   Stanisław Sosabowski   John Frost   [POW],Walter Model   Wilhelm Bittrich,1 reinforced airborne division 1 parachute infantry brigade RAF  Resupply flights  Limited support from XXX Corps in later stages,* Initially equivalent to: 1  Kampfgruppe 1 armoured division,"# Approx 1,984 killed 6,854 captured","# Approx 1,300 killed 2,000 wounded",,,,
https://en.wikipedia.org/wiki/Battle_of_Nijmegen,,1,17 – 20 September 1944,Nijmegen,"Allied victory

Nijmegen, the road and rail bridges conquered
Allied march resumed, but too late to win the Battle of Arnhem",Battle of Nijmegen,Operation Market Garden,United States   United Kingdom,Germany,James M. Gavin   Julian Aaron Cook   Reuben Henry Tucker III   Brian Horrocks,Walter Model Leo Reinhold Karl-Heinz Euling Oberst Henke,82nd Airborne Division   XXX Corps   Guards Armoured Division  2  Spitfires [3],"Elements of:   9th SS Panzer Division   10th SS Panzer Division 
regrouped as: 
 
 Kampfgruppe Reinhold 
 Kampfgruppe Euling 
 Kampfgruppe Henke","British losses (XXX Corps/Guards Armored Division) 200-300 killed or missing
82nd Airborne lost 200 dead and 700 wounded around Nijmegen, 134 killed, missing, wounded crossing the Waal River
 
48  (504 RCT) [4] 19  (F/508) [4] 15  (H/504) [4] 1 Spitfire [3]",300+  (Waalbrug south) [5] 267  (Railway bridge) [4] 80  (Waalbrug north) [4],,,,
https://en.wikipedia.org/wiki/Battle_of_Moerbrugge,September 1944,0,"8–10 September 1944,","Moerbrugge, Belgium",Allied victory,Battle of Moerbrugge,Western Front,Canada,Germany,J. David Stewart,Unknown,10th Canadian Infantry Brigade,Elements of  64th Infantry Division,250 killed wounded or captured,"700 killed, wounded or captured 20 AA guns captured 8 mortars captured",,,,
https://en.wikipedia.org/wiki/Battle_of_Crucifix_Hill,,1,8 October 1944,"50°47′57.63″N 6°8′21.9″E﻿ / ﻿50.7993417°N 6.139417°E﻿ / 50.7993417; 6.139417Coordinates: 50°47′57.63″N 6°8′21.9″E﻿ / ﻿50.7993417°N 6.139417°E﻿ / 50.7993417; 6.139417Aachen, Germany",American victory,Battle of Crucifix Hill,Battle of Aachen,Germany,United States,Gerhard Wilck,"Henry G. Leonard, Jr .",,,,,,,,
https://en.wikipedia.org/wiki/Battle_of_Overloon,September – October 1944,0,30 September – 18 October 1944,"Overloon, Netherlands",Allied victory,Battle of Overloon,Western Front,United Kingdom   United States,Germany,Lashmer Whistler   Lindsay McDonald Sylvester,Kurt Student,2 divisions,1 division?,"1,878 men 3 aircraft 40 tanks",600 infantry unknown number of tanks,,,,
https://en.wikipedia.org/wiki/Operation_Queen,,1,16 November – 16 December 1944,"Rur valley and environs, Germany",German defensive victory[1],Operation Queen,Battle of Hürtgen Forest,United States   United Kingdom,Germany,Omar Bradley Courtney Hodges William Hood Simpson,Gerd von Rundstedt Gustav-Adolf von Zangen Erich Brandenberger,1st Army   9th Army,7th Army   15th Army,"38,500 casualties [a] 340 tanks lost [2] [3]",casualties equal to the Allies [1],,,,
https://en.wikipedia.org/wiki/Operation_Clipper,November 1944,0,10–22 November 1944,"50°57′56″N 6°7′19″E﻿ / ﻿50.96556°N 6.12194°E﻿ / 50.96556; 6.12194﻿ (Geilenkirchen)Coordinates: 50°57′56″N 6°7′19″E﻿ / ﻿50.96556°N 6.12194°E﻿ / 50.96556; 6.12194﻿ (Geilenkirchen)Geilenkirchen, Germany",Allied victory,Operation Clipper,Western Front,United Kingdom   United States,Germany,Brian Horrocks,Günther Blumentritt,,,"2,000 casualties,  (including 169 killed,  752 missing  & 500 nonbattle)",Killed?  Wounded? Captured? Missing?,,,,
https://en.wikipedia.org/wiki/Battle_of_Vianden,November 1944,0,15–19 November 1944 (1944-11-15 – 1944-11-19),"Vianden, Luxembourg",Luxembourgish victory,Battle of Vianden,Western Front,Resistance,Nazi Germany,Victor Abens  Jos Kieffer,Unknown,30 militia,250 soldiers,1 killed 6 wounded,23 killed,,,,
https://en.wikipedia.org/wiki/Battle_of_Kesternich,December 1944 – February 1945,0,First battle: 13–16 December 1944  Second battle: 30 January-1 February 1945,"In and around Kesternich, Germany50°36′27″N 6°19′45″E﻿ / ﻿50.60753°N 6.32915°E﻿ / 50.60753; 6.32915Coordinates: 50°36′27″N 6°19′45″E﻿ / ﻿50.60753°N 6.32915°E﻿ / 50.60753; 6.32915",German defensive victory in first battle  U.S. victory in second battle,Battle of Kesternich,Western Front,United States,Germany,Major General  Edwin P. Parker Jr.,Generalleutnant   Eugen König,First battle:   Two Infantry battalions   Two platoons of  M4 Shermans    One platoon of  M10 tank destroyers    Second battle:   One infantry battalion   One company of M4 Shermans   One platoon of M10 tank destroyers,Elements of two divisions,"First battle:   At least 1,500 killed, wounded, or missing   Two tanks disabled   Second battle:   At least 225 killed, wounded, or missing",First battle:   At least 150 killed   At least 600 captured   Second battle:   Unknown,,,,
https://en.wikipedia.org/wiki/Losheim_Gap,,2,16-17 December 1944,"Büllingen, Belgium50°24′17″N 6°16′05″E﻿ / ﻿50.40472°N 6.26806°E﻿ / 50.40472; 6.26806",German victory,Losheim Gap,Battle of Elsenborn Ridge,United States,Germany,Omar Bradley   Alan W. Jones,Sepp Dietrich,"U.S.  106th Infantry Division  (elements of) 
 U.S.   99th Infantry Division  (elements of) 
 
 14th Cavalry Group Total strength: over 6,000 men, 30 light tanks, 18 medium tanks","1st SS Panzer Division Total strength: ~17,000 men, 120+ Panzers and SPGs","3750 casualties 450 killed, 1,000+ wounded, 2,300 captured 32 tanks","500 casualties 200 killed, 300 wounded 10-12 armored vehicles",,,,
https://en.wikipedia.org/wiki/Battle_of_Lanzerath_Ridge,,2,"December 16–17, 1944","Near Lanzerath, Belgium50°21′34″N 6°19′45″E﻿ / ﻿50.359487°N 6.329241°E﻿ / 50.359487; 6.329241Coordinates: 50°21′34″N 6°19′45″E﻿ / ﻿50.359487°N 6.329241°E﻿ / 50.359487; 6.329241",German victory; Ardennes offensive continued,Battle of Lanzerath Ridge,Battle of Elsenborn Ridge,United States,Germany,"Walter E. Lauer Lyle Bouck, Jr.",Sepp Dietrich I.G. von Hoffmann,"Intelligence and Reconnaissance Platoon , 394th Regiment,  99th Infantry Division  (18 men);   Forward Observation Team, Battery C, 371st Field Artillery (4 men)","1st SS Panzer Division  1st Battalion, 9th Fallschirmjäger Regiment,  3rd Fallschirmjäger Division  (500 men);   27th  Fusilier  Regiment,  12th Volksgrenadier Division  (50 men)","1 killed, 14 wounded","16 killed, 63 wounded, 13 missing [1] : 87",,,,
https://en.wikipedia.org/wiki/Battle_of_Clervaux,,1,16–18 December 1944,"Clervaux, northern Luxembourg50°03′18″N 6°01′48″E﻿ / ﻿50.055°N 6.030°E﻿ / 50.055; 6.030Coordinates: 50°03′18″N 6°01′48″E﻿ / ﻿50.055°N 6.030°E﻿ / 50.055; 6.030",German victory,Battle of Clervaux,Battle of the Bulge,Germany,United States,Meinrad von Lauchert,Hurley Fuller   ( POW ),1 panzergrenadier regiment [1] 1 panzer regiment [1],1 regimental combat team [1] 1 tank battalion [1] 1 tank company [1] 1 tank destroyer battalion [1],"Significant [2] [ better source needed ] 
 4 tanks destroyed [3]","2,000–2,750 [4] [2] 
 60 tanks destroyed [3]",,,,
https://en.wikipedia.org/wiki/Battle_of_St._Vith,,1,16–21 December 1944,"St. Vith, Belgium50°16′55″N 6°7′36″E﻿ / ﻿50.28194°N 6.12667°E﻿ / 50.28194; 6.12667Coordinates: 50°16′55″N 6°7′36″E﻿ / ﻿50.28194°N 6.12667°E﻿ / 50.28194; 6.12667",German victory,Battle of St. Vith,Battle of the Bulge,United States,Germany,Bruce C. Clarke,Walter Model   Hasso von Manteuffel,"22,000 men [1]","100,000+ men [2] [3] 500 tanks [3]","12,500 KIA, WIA, POW, or MIA [4] :  345,347,487 88 tanks, 25 armored cars [1]",Unknown,,,,
https://en.wikipedia.org/wiki/Siege_of_Bastogne,,1,20–27 December 1944,"Bastogne, Belgium50°00′00″N 5°43′17″E﻿ / ﻿50.0°N 5.7214°E﻿ / 50.0; 5.7214Coordinates: 50°00′00″N 5°43′17″E﻿ / ﻿50.0°N 5.7214°E﻿ / 50.0; 5.7214",American victory,Siege of Bastogne,Battle of the Bulge,United States,Germany,"Anthony McAuliffe  (101st Airborne) William L. Roberts (Combat Command B (CCB), 10th Armored Division) Creighton Abrams  (37th Tank Battalion, 4th Armored Division) George S. Patton  (Third Army)",Hasso von Manteuffel  (5th Panzer Army) Heinrich Freiherr von Lüttwitz  (XLVII Panzer Corps) Wilhelm Mohnke  ( I SS Panzer Corps ),"101st : 11,000 [5]  enlisted + 800 officers Remaining units: 11,000+ [6] Total:  22,800+ men (initially)","54,000+ men [7]  (initially)","3,000+ total casualties (2,000 in the  101st ) [8]",Unknown,,,,
https://en.wikipedia.org/wiki/Operation_Bodenplatte,,1,1 January 1945,"Belgium, the Netherlands and France","Operation failed[2]

Pyrrhic German tactical success[3][4][5]
Strategic German exhaustion[6][7]",Operation Bodenplatte,Battle of the Bulge,United Kingdom   United States   Canada   New Zealand   Poland [1] [Notes 1],Germany,Arthur Coningham   Jimmy Doolittle   Hoyt Vandenberg,Werner Kreipe Joseph Schmid Dietrich Peltz Karl Hentschel Gotthard Handrick,,,See Aftermath and casualties,See Aftermath and casualties,,,,
https://en.wikipedia.org/wiki/Operation_Nordwind,January 1945,0,31 December 1944 – 25 January 1945 (1944-12-31 – 1945-01-25),"Alsace and Lorraine, France and Rhineland-Palatinate, Germany",German operational failure,Operation Nordwind,Western Front,United States   France,Germany,Jacob L. Devers   Alexander Patch   Jean de Lattre de Tassigny,Johannes Blaskowitz   Hans von Obstfelder   Heinrich Himmler   Siegfried Rasp,"395,000 men  400,000 men [1]",Unknown,"United States : 9,268-11,609 [2] [3] [a]  killed and wounded   France : 2,000 [4] : 922","22,932 [5] [4] : 922",,,,
https://en.wikipedia.org/wiki/Colmar_Pocket,,0,20 January – 9 February 1945,"Around Colmar, Alsace48°4′50″N 7°21′36″E﻿ / ﻿48.08056°N 7.36000°E﻿ / 48.08056; 7.36000﻿ (Colmar)Coordinates: 48°4′50″N 7°21′36″E﻿ / ﻿48.08056°N 7.36000°E﻿ / 48.08056; 7.36000﻿ (Colmar)",Allied victory,Colmar Pocket,Western Front,France   United States,Germany,Jacob L. Devers   Jean de Lattre de Tassigny   Antoine Béthouart   Goislard de Monsabert   Frank W. Milburn,Heinrich Himmler Siegfried Rasp Erich Abraham Max Grimmeiss,"Initial: 5 French infantry divisions 2 French armored divisions 2 U.S. infantry divisions 
 
Reinforcements: 1 French armored division 1 U.S. armored division 1 U.S. infantry division",7 infantry divisions 1 mountain division 1  Panzer  brigade,": 13,390 [1] : 8,000 [2]","At least 22,000; possibly as high as 38,500 [3]",,,,
https://en.wikipedia.org/wiki/Operation_Blackcock,January 1945,0,14–27 January 1945,Limburg (Netherlands) and Heinsberg (Germany),British victory,Operation Blackcock,Western Front,United Kingdom   Canada,Germany,Neil Ritchie   Lewis Lyne   Gwilym Ivor Thomas   Edmund Hakewill-Smith,Günther Blumentritt,1 armoured division 2 infantry divisions 1 commando brigade,2 infantry divisions 2 paratroop regiments 1 heavy panzer battalion,"1,152 casualties 20 tanks destroyed 23 tanks broken down 4 aircraft destroyed 2 aircraft crashed","2,000 casualties",,,,
https://en.wikipedia.org/wiki/Operation_Veritable,February 1945,0,8 February – 11 March 1945(1 month and 3 days),"Reichswald Forest (Germany), and adjacent areas51°44′N 6°02′E﻿ / ﻿51.733°N 6.033°E﻿ / 51.733; 6.033",Allied victory,Operation Veritable,Western Front,United Kingdom     Canada,Germany,Bernard Montgomery   Harry Crerar   Brian Horrocks,Alfred Schlemm,"400,000 men [ citation needed ] 2,400 guns 35,000 vehicles","90,000 men 1,054 guns 700 mortars","15,634 casualties [a]","~44,239 casualties [b]",,,,
https://en.wikipedia.org/wiki/Operation_Grenade,February 1945,0,23 February–10 March 1945(2 weeks and 1 day),"Rhineland, Germany",American victory,Operation Grenade,Western Front,United States,Germany,William H. Simpson,Gustav-Adolf von Zangen   Alfred Schlemm,"380,000 1,400 tanks 2,070 guns 375 aircraft [1]","54,000 180 tanks","1,330 killed Total : 7,478 [1]","16,000 killed or missing 29,739 captured Total : 45,739 [a]",,,,
https://en.wikipedia.org/wiki/Battle_of_Remagen,,1,7–25 March 1945,"Remagen, Rhine Province, Germany50°34′45″N 7°14′39″E﻿ / ﻿50.57917°N 7.24417°E﻿ / 50.57917; 7.24417Coordinates: 50°34′45″N 7°14′39″E﻿ / ﻿50.57917°N 7.24417°E﻿ / 50.57917; 7.24417","Allied victory

Allies secure intact bridge over Rhine",Battle of Remagen,Operation Lumberjack,United States   Belgium,Germany,Courtney Hodges,Erich Brandenberger,1st Army,7th Army,"At least 990 casualties, 30+ tanks [1] [2] [3] [4]","Unknown, 19,000 captured [5]",,,,
https://en.wikipedia.org/wiki/Operation_Undertone,,1,15–24 March 1945,75 km sector between Saarbrücken and Hagenau,Allied victory,Operation Undertone,Western Allied invasion of Germany,United States   France,Germany,Jacob L. Devers,Paul Hausser,,,"12,887 (est.)","22,000 (POW)",,,,
https://en.wikipedia.org/wiki/Operation_Varsity,,2,24 March 1945,"Wesel, Germany",Allied victory,Operation Varsity,Operation Plunder,United Kingdom   United States   Canada,Germany,Bernard Montgomery   Eric Bols   Matthew Ridgway   William Miley,Günther Blumentritt,"16,870 [Note 1]","8,000 (est.) [Note 2]","2,378–2,700 casualties [Note 3] 72 aircraft [Note 4]","Unknown total casualties 3,500 captured [1]",,,,
https://en.wikipedia.org/wiki/Ruhr_Pocket,,1,1–18 April 1945(2 weeks and 3 days),"Ruhr Area, Germany",Allied victory,Ruhr Pocket,Western Allied invasion of Germany,United States   United Kingdom   ( German resistance ),Germany,Omar Bradley   Bernard Montgomery   Courtney H. Hodges   William H. Simpson   Leonard T. Gerow,Walter Model   Gustav-Adolf von Zangen     Josef Harpe,"13 divisions, elements of 6 corps","370,000","1,500 killed 8,000 wounded 500 missing Total : 10,000 [1]","317,000 captured [2]",,,,
https://en.wikipedia.org/wiki/Battle_of_Kassel_(1945),,1,1–4 April 1945,"Kassel, Germany",American victory,Battle of Kassel,Western Allied invasion of Germany,United States,Germany,Horace McBride,Johannes Erxleben,unknown,"6,000",unknown,"50+ killed 5,400+ captured",,,,
https://en.wikipedia.org/wiki/Battle_of_Heilbronn_(1945),,1,4–12 April 1945,"Heilbronn, Germany",American victory,Battle of Heilbronn,Western Allied invasion of Germany,United States,Germany,Withers A. Burress,Georg Bochmann,,,60 killed 250 wounded 112 missing Total : 422 [1],"1,500 captured",,,,
https://en.wikipedia.org/wiki/Operation_Amherst,,1,7–8 April 1945,"Drenthe, Netherlands",Allied victory,Operation Amherst,Western Allied invasion of Germany,France   United Kingdom   Netherlands   Canada,Germany,,,"Special Air Service 
 
 3 SAS (French) 
 4 SAS (French) 
  8th Reconnaissance Regiment",Elements of the  25th Army,34 killed 60 wounded 69 captured [1],300 killed or wounded 187 captured [2],,Mike Calvert   Pierre Sicaud,,
https://en.wikipedia.org/wiki/Battle_of_Nuremberg_(1945),,1,16–20 April 1945,"Nuremberg, Germany",American victory,Battle of Nuremberg,Western Allied invasion of Germany,United States,"Germany 
 
   Russian Liberation Army",Alexander Patch     John W. O'Daniel   Robert T. Frederick,Karl Holz   † [1],"45,000 troops [2]","2 divisions 2 regiments RLA troops (est. 22,000) Several ad-hoc units of  Luftwaffe  (est. 2,000) [2]  and  Volkssturm   [3]",,,,,,
https://en.wikipedia.org/wiki/Battle_of_Hamburg_(1945),,1,18 April – 3 May 1945,"Hamburg, Germany","British victory

Defeat of Nazi Germany in the north",Battle of Hamburg,Western Allied invasion of Germany,United Kingdom,Nazi Germany,Miles Dempsey   Evelyn Barker   Lewis Lyne,Kurt Student   Alwin Wolz   ( POW ),3 Divisions,2 Divisions (Understrength),Unknown,Unknown,,,,
https://en.wikipedia.org/wiki/Liberation_of_Arnhem,,0,12–16 April 1945,"Arnhem, Netherlands51°59′00″N 5°55′00″E﻿ / ﻿51.9833°N 5.9167°E﻿ / 51.9833; 5.9167",Allied Victory,Liberation of Arnhem,Western Front,United Kingdom   Canada,Germany,Charles Foulkes   Stuart Rawlins,Johannes Blaskowitz   Philipp Kleffel,1 infantry division plus armoured support,"* Estimated over 1,000 men",62 killed 134 wounded,# Casualties unknown 600 captured,,,,
https://en.wikipedia.org/wiki/Battle_of_Groningen,,0,"April 14–18, 1945","Groningen, Netherlands",Allied victory,Battle of Groningen,Western Front,Canada,Germany,Bruce Matthews,Karl Böttcher,"~14,000","~7,500",43 dead 166 wounded,"130 dead  [1]   5,212 captured  [2]",,,,
